-- phpMyAdmin SQL Dump
-- version 5.2.1
-- https://www.phpmyadmin.net/
--
-- Host: 127.0.0.1:3306
-- Generation Time: Apr 28, 2026 at 06:40 AM
-- Server version: 9.1.0
-- PHP Version: 8.3.14

SET SQL_MODE = "NO_AUTO_VALUE_ON_ZERO";
START TRANSACTION;
SET time_zone = "+00:00";


/*!40101 SET @OLD_CHARACTER_SET_CLIENT=@@CHARACTER_SET_CLIENT */;
/*!40101 SET @OLD_CHARACTER_SET_RESULTS=@@CHARACTER_SET_RESULTS */;
/*!40101 SET @OLD_COLLATION_CONNECTION=@@COLLATION_CONNECTION */;
/*!40101 SET NAMES utf8mb4 */;

--
-- Database: `rightborrow`
--

-- --------------------------------------------------------

--
-- Table structure for table `administrations`
--

DROP TABLE IF EXISTS `administrations`;
CREATE TABLE IF NOT EXISTS `administrations` (
  `id` int UNSIGNED NOT NULL AUTO_INCREMENT,
  `rec_date` datetime NOT NULL,
  `fullname` varchar(255) COLLATE utf8mb4_unicode_ci NOT NULL,
  `dob` date DEFAULT NULL,
  `mobile` varchar(255) COLLATE utf8mb4_unicode_ci NOT NULL,
  `emailid` varchar(255) COLLATE utf8mb4_unicode_ci NOT NULL,
  `password` varchar(255) COLLATE utf8mb4_unicode_ci NOT NULL,
  `staff_code` varchar(99) COLLATE utf8mb4_unicode_ci DEFAULT NULL,
  `position` varchar(299) COLLATE utf8mb4_unicode_ci DEFAULT NULL,
  `role` int NOT NULL DEFAULT '1' COMMENT '0=Admin,1=OfficeStaff, 2=Hire-Support-Staff,3=ItStaff,4=Accounting, 5=Self-Support-Staff, 7=Assistant-Support-Staff\r\n',
  `isActive` tinyint NOT NULL DEFAULT '1' COMMENT '0 = No, 1 = Yes',
  `isDelete` tinyint NOT NULL DEFAULT '0' COMMENT '0 = No, 1 = Yes',
  PRIMARY KEY (`id`)
) ENGINE=InnoDB AUTO_INCREMENT=6 DEFAULT CHARSET=utf8mb4 COLLATE=utf8mb4_unicode_ci;

--
-- Dumping data for table `administrations`
--

INSERT INTO `administrations` (`id`, `rec_date`, `fullname`, `dob`, `mobile`, `emailid`, `password`, `staff_code`, `position`, `role`, `isActive`, `isDelete`) VALUES
(1, '2023-10-12 05:03:22', 'Verloop Web', NULL, '9408881214', 'info@verloopweb.com', '$2y$12$AtHPRdt423jA6LZ5N6HlDOrt1KsygyAhbAHnlbP9ePRV.0a2eFhGe', NULL, NULL, 6, 1, 0),
(2, '2026-03-11 10:10:09', 'Admin', NULL, '9983933307', 'info@rightborrow.com', '$2y$12$ae7HMdoOu6ZigC8qVfZ6qumvdACgxKUixxZVs5O2mtspDf/7elgc6', '7130', NULL, 0, 1, 0),
(3, '2026-03-30 16:52:55', 'Self Apply Staff', NULL, '9983933307', 'staff@rightborrow.com', '$2y$12$kJerJ5pyEJKy4ujqaFWze.LGJw9U956aHGun826WSf56GolvGCj1e', '3721', NULL, 5, 1, 0),
(4, '2026-03-30 16:54:17', 'Loan Agent Staff', NULL, '9983933307', 'support@rightborrow.com', '$2y$12$vahFz2qTqgrGozEmpSktt.6NZwkICwh5Ou7E7BAZ0XszkPCbZHX3G', '1984', NULL, 2, 1, 0),
(5, '2026-04-20 14:29:06', 'indiakarobar', NULL, '9998841926', 'admin@indiakarobar.com', '$2y$12$oDZH3efFN/eRKd7EaAYMWuaai8Sd29qsOyNNukqANBBodYg9lAIYa', '7920', NULL, 0, 1, 0);

-- --------------------------------------------------------

--
-- Table structure for table `adscontent`
--

DROP TABLE IF EXISTS `adscontent`;
CREATE TABLE IF NOT EXISTS `adscontent` (
  `id` int NOT NULL AUTO_INCREMENT,
  `rec_date` datetime NOT NULL DEFAULT CURRENT_TIMESTAMP,
  `ad_type` tinyint NOT NULL DEFAULT '1' COMMENT '1=text, 2=image',
  `ad_content` longtext NOT NULL,
  `isDelete` tinyint NOT NULL DEFAULT '0' COMMENT '0=no, 1=yes',
  PRIMARY KEY (`id`)
) ENGINE=InnoDB AUTO_INCREMENT=5 DEFAULT CHARSET=utf8mb4 COLLATE=utf8mb4_0900_ai_ci;

--
-- Dumping data for table `adscontent`
--

INSERT INTO `adscontent` (`id`, `rec_date`, `ad_type`, `ad_content`, `isDelete`) VALUES
(1, '2025-03-01 19:12:31', 1, '<p>&nbsp;</p>\r\n\r\n<div id=\"gtx-trans\" style=\"left:-173px; position:absolute; top:-6px\">\r\n<div class=\"gtx-trans-icon\">&nbsp;</div>\r\n</div>', 0),
(3, '2025-03-01 19:18:03', 1, '<p>hello</p>', 0),
(4, '2025-03-01 19:28:20', 2, '1740837532.png', 0);

-- --------------------------------------------------------

--
-- Table structure for table `airpay_entry`
--

DROP TABLE IF EXISTS `airpay_entry`;
CREATE TABLE IF NOT EXISTS `airpay_entry` (
  `id` int NOT NULL AUTO_INCREMENT,
  `rec_date` datetime NOT NULL DEFAULT CURRENT_TIMESTAMP,
  `entryfor` int NOT NULL DEFAULT '0' COMMENT '1=Customer, 2=Channel, 11=Digital PL, 12=Digital BL',
  `userid` int NOT NULL,
  `orderid` varchar(50) NOT NULL,
  `orderamount` float(11,2) NOT NULL,
  `ordernote` varchar(256) DEFAULT NULL,
  `statuscode` varchar(256) DEFAULT NULL,
  `transactionid` varchar(256) DEFAULT NULL,
  `paymentmode` varchar(256) DEFAULT NULL,
  PRIMARY KEY (`id`)
) ENGINE=InnoDB DEFAULT CHARSET=utf8mb4 COLLATE=utf8mb4_0900_ai_ci;

-- --------------------------------------------------------

--
-- Table structure for table `aisensy_settings`
--

DROP TABLE IF EXISTS `aisensy_settings`;
CREATE TABLE IF NOT EXISTS `aisensy_settings` (
  `id` int NOT NULL AUTO_INCREMENT,
  `rec_date` datetime NOT NULL DEFAULT CURRENT_TIMESTAMP,
  `product` varchar(55) COLLATE utf8mb4_unicode_ci NOT NULL COMMENT 'SA, LA, LAT',
  `type` varchar(99) COLLATE utf8mb4_unicode_ci NOT NULL COMMENT 'remarketing, buy now, pgsuccess, pgfailed',
  `api_key` longtext COLLATE utf8mb4_unicode_ci NOT NULL,
  `campaign_name` varchar(99) COLLATE utf8mb4_unicode_ci NOT NULL,
  `media_url` varchar(255) COLLATE utf8mb4_unicode_ci NOT NULL,
  `media_filename` varchar(255) COLLATE utf8mb4_unicode_ci NOT NULL,
  PRIMARY KEY (`id`)
) ENGINE=InnoDB AUTO_INCREMENT=6 DEFAULT CHARSET=utf8mb4 COLLATE=utf8mb4_unicode_ci;

--
-- Dumping data for table `aisensy_settings`
--

INSERT INTO `aisensy_settings` (`id`, `rec_date`, `product`, `type`, `api_key`, `campaign_name`, `media_url`, `media_filename`) VALUES
(1, '2025-08-19 18:13:52', 'SA', 'remarketing', '#', '#', '#', '#'),
(2, '2025-08-19 18:13:52', 'LA', 'remarketing', '#', '#', '#', '#'),
(3, '2025-08-19 18:15:10', 'LAT', 'remarketing', '#', '#', '#', '#'),
(4, '2025-08-19 19:21:03', 'LA', 'getoffer', '#', '#', '#', '#'),
(5, '2025-08-19 19:34:15', 'LAT', 'getoffer', '#', '#', '#', '#');

-- --------------------------------------------------------

--
-- Table structure for table `application_remarks`
--

DROP TABLE IF EXISTS `application_remarks`;
CREATE TABLE IF NOT EXISTS `application_remarks` (
  `id` int NOT NULL AUTO_INCREMENT,
  `rec_date` datetime NOT NULL DEFAULT CURRENT_TIMESTAMP,
  `entry_at` datetime DEFAULT NULL,
  `service` tinyint DEFAULT NULL,
  `subject` varchar(256) NOT NULL,
  `notes` longtext,
  `application_id` int NOT NULL,
  `staff_id` int NOT NULL,
  PRIMARY KEY (`id`),
  KEY `loan_application_id` (`application_id`),
  KEY `administration_id` (`staff_id`)
) ENGINE=MyISAM DEFAULT CHARSET=utf8mb4 COLLATE=utf8mb4_0900_ai_ci;

-- --------------------------------------------------------

--
-- Table structure for table `applylink_criteria`
--

DROP TABLE IF EXISTS `applylink_criteria`;
CREATE TABLE IF NOT EXISTS `applylink_criteria` (
  `id` int NOT NULL AUTO_INCREMENT,
  `applylink_id` int NOT NULL,
  `criteria_id` int NOT NULL,
  `rec_date` datetime NOT NULL DEFAULT CURRENT_TIMESTAMP,
  PRIMARY KEY (`id`)
) ENGINE=MyISAM DEFAULT CHARSET=utf8mb4 COLLATE=utf8mb4_0900_ai_ci;

-- --------------------------------------------------------

--
-- Table structure for table `bankapplylink`
--

DROP TABLE IF EXISTS `bankapplylink`;
CREATE TABLE IF NOT EXISTS `bankapplylink` (
  `id` int NOT NULL AUTO_INCREMENT,
  `rec_date` datetime NOT NULL DEFAULT CURRENT_TIMESTAMP,
  `bankid` int NOT NULL,
  `roi` float(10,2) DEFAULT NULL,
  `tenures` tinyint DEFAULT NULL,
  `status_type` int DEFAULT NULL,
  `option1` varchar(599) DEFAULT NULL,
  `option2` varchar(599) DEFAULT NULL,
  `option3` varchar(599) DEFAULT NULL,
  `option4` varchar(599) DEFAULT NULL,
  `option5` varchar(599) DEFAULT NULL,
  `title` varchar(256) NOT NULL,
  `applyurl` varchar(256) NOT NULL,
  `is_recommended` tinyint NOT NULL DEFAULT '0' COMMENT '0=false,1=true',
  `isDelete` tinyint NOT NULL DEFAULT '0' COMMENT '0=No, 1=Yes',
  PRIMARY KEY (`id`)
) ENGINE=InnoDB AUTO_INCREMENT=33 DEFAULT CHARSET=utf8mb4 COLLATE=utf8mb4_0900_ai_ci;

--
-- Dumping data for table `bankapplylink`
--

INSERT INTO `bankapplylink` (`id`, `rec_date`, `bankid`, `roi`, `tenures`, `status_type`, `option1`, `option2`, `option3`, `option4`, `option5`, `title`, `applyurl`, `is_recommended`, `isDelete`) VALUES
(1, '2025-05-01 20:23:29', 17, 10.50, 60, NULL, '100% Online Process', 'Low EMI Options', 'Min. Paperwork', NULL, NULL, 'Your Pre-Approved Loan Offer | Quick Process', 'https://www.cholamandalam.com/get-consumer-small-enterprise-loans', 0, 1),
(2, '2025-05-01 20:37:10', 15, 11.00, 60, NULL, '100% Online Process', 'Convenient EMI Options', 'Min. Documentation', NULL, NULL, 'You\'re Eligible For Pre-Approved Offer | Easy Application', 'https://www.dealsofloan.com/personal-loan', 0, 1),
(3, '2025-05-01 20:41:21', 18, 11.50, 60, NULL, '100% Online Process', 'Low EMI Options', 'Min. Paperwork', NULL, NULL, 'Your Profile Matches The Criteria | Easy Digital Process', 'https://www.mymudra.com/loan/personal-loan', 0, 1),
(4, '2025-05-01 21:18:20', 13, 10.50, 60, NULL, '100% Online Process', 'Low EMI Options', 'Min. Paperwork', NULL, NULL, 'Your Pre-Approved Loan Offer | Digital Process', 'https://pq.faircent.com/', 0, 1),
(5, '2025-05-03 15:52:03', 20, 11.00, 48, NULL, '100% Online Process', 'Convenient EMI Options', 'Min. Documentation', NULL, NULL, 'Your Criteria Matched For Pre-Approved Loan Offer | Quick Process', 'https://www.herofincorp.com/personal-loans', 0, 1),
(6, '2025-05-03 15:55:27', 36, 11.50, 48, NULL, '100% Digital Process', 'Low EMI Options', 'Min. Paperwork', NULL, NULL, 'Your Criteria Matched For Pre-Approved Loan Offer | Quick Process', 'https://www.piramalfinance.com/loan', 0, 1),
(7, '2025-05-03 15:57:46', 38, 10.50, 60, NULL, 'Simple Online Process', 'Low EMI Options', 'Min. Documentation', NULL, NULL, 'Your Eligibility Matches The Criteria | Instant Process', 'https://www.incred.com/personal-loan/', 0, 0),
(8, '2025-05-03 16:01:29', 21, 11.50, 36, NULL, '100% Digital Process', 'Convenient EMI Options', 'Min. Paperwork', NULL, NULL, 'Your Eligibility Matches The Criteria | Instant Process', 'https://maximus.axisbank.co.in/external/customer/login?product=personal', 0, 1),
(9, '2025-05-03 16:04:55', 22, 11.00, 60, NULL, '100% Online Process', 'Convenient EMI Options', 'Min. Paperwork', NULL, NULL, 'You’re Eligible For Pre-Approved Loan Offer | Simple Process', 'https://www.bajajfinserv.in/personal-loan', 0, 1),
(10, '2025-05-03 16:08:34', 37, 10.50, 48, NULL, 'Simple Online Process', 'Convenient EMI Options', 'Min. Documentation', NULL, NULL, 'Your Pre-Approved Loan Offer | Quick Process', 'https://www.ujjivansfb.in/individual-loans?type=Personal-Individual-Loan', 0, 1),
(11, '2025-05-03 16:10:24', 23, 11.50, 60, NULL, '100% Digital Process', 'Low EMI Options', 'Min. Documentation', NULL, NULL, 'Your Eligibility Matches The Criteria | Instant Process', 'https://onlineapply.sbi.co.in/personal-banking/personal-loan', 0, 1),
(12, '2025-05-03 16:15:21', 24, 10.50, 48, NULL, '100% Digital Process', 'Low EMI Options', 'Min. Documentation', NULL, NULL, 'You’re Eligible For Pre-Approved Loan Offer | Simple Process', 'https://www.idbibank.in/personal-loan.aspx', 0, 1),
(13, '2025-05-03 16:23:55', 13, 11.00, 60, NULL, '100% Digital Process', 'Convenient EMI Options', 'Min. Paperwork', NULL, NULL, 'Your Criteria Matched For Pre-Approved Loan Offer | Quick Process', 'https://pq.faircent.com/', 0, 1),
(14, '2025-05-03 16:26:05', 14, 10.50, 60, NULL, '100% Digital Process', 'Convenient EMI Options', 'Min. Documentation', NULL, NULL, 'Your Eligibility Matches The Criteria | Instant Process', 'https://apply.finnable.com/login', 0, 1),
(15, '2025-05-03 16:31:00', 27, 10.00, 60, NULL, '100% Digital Process', 'Convenient EMI Options', 'Min. Paperwork', NULL, NULL, 'You’re Eligible For Pre-Approved Loan Offer | Simple Process', 'https://www.lendingkart.com/business-loan/check-eligibility', 0, 1),
(16, '2025-05-03 17:04:30', 11, 10.50, 60, NULL, '100% Digital Process', 'Convenient EMI Options', 'Min. Paperwork', NULL, NULL, 'Your Eligibility Matches The Criteria | Instant Process', 'https://partner.werize.com/MyBusiness/KREDBAZ%20SERVICE%20INDIA%20PRIVATE%20LIMITED/d2266f89-d2b0-4956-ba75-e95eca9cd08a', 1, 0),
(17, '2025-05-03 17:13:29', 28, 11.50, 48, NULL, '100% Digital Process', 'Convenient EMI Options', 'Min. Paperwork', NULL, NULL, 'Your Criteria Matched For Pre-Approved Loan Offer | Quick Process', 'https://app.upwards.in/login', 0, 1),
(18, '2025-05-03 17:15:19', 29, 11.00, 36, NULL, 'Simple Online Process', 'Low EMI Options', 'Min. Paperwork', NULL, NULL, 'You’re Eligible For Pre-Approved Loan Offer | Simple Process', 'https://moneyview.in/personal-loan', 0, 0),
(19, '2025-05-03 17:17:31', 39, 11.50, 48, NULL, 'Simple Online Process', 'Convenient EMI Options', 'Min. Paperwork', NULL, NULL, 'Your Eligibility Matches The Criteria | Instant Process', 'https://www.smfgindiacredit.com/personal-loan.aspx', 0, 1),
(20, '2025-05-03 17:19:02', 40, 10.50, 60, NULL, '100% Digital Process', 'Low EMI Options', 'Min. Paperwork', NULL, NULL, 'Your Eligibility Matches The Criteria | Instant Process', 'https://www.fibe.in/personal-loan/', 0, 0),
(21, '2025-05-03 17:23:18', 30, 11.50, 60, NULL, '100% Digital Process', 'Low EMI Options', 'Min. Paperwork', NULL, NULL, 'Your Eligibility Matches The Criteria | Instant Process', 'https://induseasycredit.indusind.com/customer/personal-loan/new-lead', 0, 1),
(22, '2025-05-03 17:27:31', 31, 10.50, 60, NULL, '100% Digital Process', 'Low EMI Options', 'Min. Documentation', NULL, NULL, 'Your Pre-Approved Loan Offer | Quick Process', 'https://v.hdfcbank.com/personal-business-loan.html', 0, 1),
(23, '2025-05-03 17:29:46', 32, 11.50, 48, NULL, 'Simple Online Process', 'Low EMI Options', 'Min. Documentation', NULL, NULL, 'Your Eligibility Matches The Criteria | Instant Process', 'https://www.tatacapital.com/online/loans/personal-loans/apply-now-personal-loan', 0, 1),
(24, '2025-05-03 17:32:08', 33, 10.50, 60, NULL, '100% Digital Process', 'Low EMI Options', 'Min. Documentation', NULL, NULL, 'Your Eligibility Matches The Criteria | Instant Process', 'https://finance.adityabirlacapital.com/personal-finance/personal-loan', 0, 1),
(25, '2025-05-03 17:34:11', 41, 11.50, 48, NULL, '100% Digital Process', 'Convenient EMI Options', 'Min. Documentation', NULL, NULL, 'Your Pre-Approved Loan Offer | Quick Process', 'https://personalloan.federalbank.co.in/', 0, 1),
(26, '2025-05-03 17:42:28', 34, 11.00, 48, NULL, '100% Digital Process', 'Convenient EMI Options', 'Min. Documentation', NULL, NULL, 'You’re Eligible For Pre-Approved Loan Offer | Simple Process', 'https://www.icicibank.com/personal-banking/loans/personal-loan', 0, 1),
(27, '2025-05-03 17:44:15', 42, 10.50, 48, NULL, 'Simple Online Process', 'Low EMI Options', 'Min. Documentation', NULL, NULL, 'Your Criteria Matched For Pre-Approved Loan Offer | Quick Process', 'https://poonawallafincorp.com/personal-loan/apply-for-loan', 0, 1),
(28, '2025-05-03 17:52:25', 35, 10.50, 60, NULL, '100% Online Process', 'Low EMI Options', 'Min. Documentation', NULL, NULL, 'Your Eligibility Matches The Criteria | Instant Process', 'https://www.yesbank.in/personal-banking/loans/personal-loan', 0, 1),
(29, '2025-06-05 12:49:55', 8, 10.50, 60, NULL, '100% Online Process', 'Convenient EMI Options', 'Min. Paperwork', NULL, NULL, 'You\'re Eligible For Pre-Approved Loan Offer | Quick Process', 'https://www.prefr.com/personal-loan', 1, 0),
(30, '2025-06-07 20:56:34', 45, 10.50, 60, NULL, '100% Digital Process', 'Low EMI Options', 'Min. Paperwork', NULL, NULL, 'You\'re Eligible For Pre-Approved Loan Offer | Simple Process', 'https://web.moneytap.com/', 0, 0),
(31, '2025-06-07 20:58:24', 46, 11.00, 48, NULL, '100% Online Process', 'Low EMI Options', 'Min. Documentation', NULL, NULL, 'Your Eligibility Matches The Criteria | Instant Process', 'https://applyonline.ramfincorp.com/', 0, 0),
(32, '2025-06-28 16:05:55', 13, 10.50, 60, NULL, '100% Online Process', 'Convenient EMI Options', 'Min. Paperwork', NULL, NULL, 'Your Eligibility Matches The Criteria | Easy & Quick Process', 'https://in.faircentpro.com/?utm_source=wl&utm_medium=Mailer&campaign_name=Borrower_Partner&agf=WLA113767', 1, 0);

-- --------------------------------------------------------

--
-- Table structure for table `banks`
--

DROP TABLE IF EXISTS `banks`;
CREATE TABLE IF NOT EXISTS `banks` (
  `id` int NOT NULL AUTO_INCREMENT,
  `rec_date` datetime NOT NULL DEFAULT CURRENT_TIMESTAMP,
  `bank_name` varchar(100) NOT NULL,
  `bank_image` varchar(255) NOT NULL,
  `order_no` int NOT NULL DEFAULT '0',
  `isActive` int NOT NULL DEFAULT '1',
  `isDelete` int NOT NULL DEFAULT '0' COMMENT '0=No, 1=Yes',
  PRIMARY KEY (`id`)
) ENGINE=MyISAM AUTO_INCREMENT=47 DEFAULT CHARSET=utf8mb3;

--
-- Dumping data for table `banks`
--

INSERT INTO `banks` (`id`, `rec_date`, `bank_name`, `bank_image`, `order_no`, `isActive`, `isDelete`) VALUES
(1, '2025-03-30 16:20:24', 'Moneyview', '1706270037.png', 1, 0, 1),
(2, '2024-01-26 09:47:04', 'Cashe', '1706262434.png', 2, 0, 0),
(4, '2024-06-17 10:30:11', 'prayosha', '1718600399.png', 0, 0, 1),
(5, '2024-06-27 18:13:13', 'sef', '1719492202.jpg', 0, 1, 1),
(6, '2025-01-07 14:33:41', 'InvestKraft', '1736240636.jpg', 3, 1, 1),
(7, '2025-01-07 14:34:23', 'InvestKraft', '1736240673.jpg', 3, 1, 1),
(8, '2025-02-04 13:03:49', 'Prfer', '1738654938.png', 0, 1, 0),
(9, '2025-02-04 13:03:49', 'Prfer', '1738654938.png', 0, 1, 1),
(10, '2025-02-04 13:03:49', 'Prfer', '1738654938.png', 0, 1, 1),
(11, '2025-05-02 12:46:54', 'Werize', '1746170219.png', 0, 1, 0),
(12, '2025-02-04 13:14:07', 'Fibe', '1738655067.png', 0, 0, 0),
(13, '2025-05-02 12:46:14', 'Faircent', '1746170179.png', 0, 1, 0),
(14, '2025-02-04 13:15:16', 'Finnable', '1738655142.png', 0, 1, 0),
(15, '2025-05-02 12:46:01', 'Deals Of Loan', '1746170165.png', 0, 0, 1),
(16, '2025-05-02 12:46:46', 'Urbanmoney', '1746170211.png', 0, 1, 0),
(17, '2025-05-02 12:45:31', 'Cholamandalam', '1746170140.png', 0, 1, 0),
(18, '2025-05-02 12:46:26', 'My Mudra', '1746170191.png', 0, 0, 1),
(19, '2025-05-02 13:50:22', 'IIFL', '1746174044.png', 0, 0, 0),
(20, '2025-05-02 17:15:59', 'Hero Fincorp', '1746186387.png', 0, 0, 0),
(21, '2025-05-02 17:16:48', 'Axis Bank', '1746186577.png', 0, 0, 0),
(22, '2025-05-02 17:19:51', 'Bajaj Finserv', '1746186617.png', 0, 0, 0),
(23, '2025-05-02 17:20:45', 'SBI', '1746186746.png', 0, 0, 0),
(24, '2025-05-02 17:22:43', 'IDBI Bank', '1746186780.png', 0, 0, 0),
(25, '2025-05-02 17:23:20', 'Finnable', '1746186824.png', 0, 0, 0),
(26, '2025-05-02 17:24:03', 'PaySense', '1746186861.png', 0, 0, 1),
(27, '2025-05-02 17:33:31', 'LendingKart', '1746187457.png', 0, 0, 0),
(28, '2025-05-02 17:34:40', 'Upwards', '1746187511.png', 0, 0, 0),
(29, '2025-05-02 17:35:25', 'MoneyView', '1746187540.png', 0, 0, 0),
(30, '2025-05-02 17:35:58', 'IndusInd Bank', '1746187764.png', 0, 0, 0),
(31, '2025-05-02 17:39:40', 'HDFC Bank', '1746187798.png', 0, 0, 0),
(32, '2025-05-02 17:49:42', 'Tata Capital', '1746188400.png', 0, 0, 0),
(33, '2025-05-02 17:50:15', 'Aditya Birla Capital', '1746188435.png', 0, 0, 0),
(34, '2025-05-02 17:50:48', 'ICICI Bank', '1746188529.png', 0, 0, 0),
(35, '2025-05-02 17:52:23', 'Yes Bank', '1746188633.png', 0, 0, 0),
(36, '2025-05-02 17:55:06', 'Piramal Finance', '1746188726.png', 0, 0, 0),
(37, '2025-05-02 17:55:27', 'Ujjivan Small Finance', '1746188745.png', 0, 0, 0),
(38, '2025-05-02 18:30:43', 'InCred Finance', '1746190862.png', 0, 0, 0),
(39, '2025-05-02 18:31:26', 'SMFG India Credit', '1746191024.png', 0, 0, 0),
(40, '2025-05-02 18:34:00', 'Fibe', '1746191054.png', 0, 0, 0),
(41, '2025-05-02 18:34:35', 'Federal Bank', '1746191097.png', 0, 0, 0),
(42, '2025-05-02 18:35:15', 'Poonawalla Fincorp', '1746191145.png', 0, 0, 0),
(43, '2025-06-05 12:07:07', 'MoneyTap', '1749105801.png', 0, 0, 0),
(44, '2025-06-05 12:13:24', 'Ram Fincorp', '1749105817.png', 0, 0, 0),
(45, '2025-06-07 18:22:41', 'Freo (by MoneyTap)', '1749300818.png', 0, 0, 0),
(46, '2025-06-07 18:23:51', 'Ram Fincorp', '1749300844.png', 0, 0, 0);

-- --------------------------------------------------------

--
-- Table structure for table `bulksms`
--

DROP TABLE IF EXISTS `bulksms`;
CREATE TABLE IF NOT EXISTS `bulksms` (
  `id` int NOT NULL AUTO_INCREMENT,
  `rec_date` datetime NOT NULL DEFAULT CURRENT_TIMESTAMP,
  `fullname` varchar(250) NOT NULL,
  `mobile` varchar(80) NOT NULL,
  `email` varchar(80) DEFAULT NULL,
  `isDnd` tinyint NOT NULL DEFAULT '0' COMMENT '0=no dnd, 1 = dnd',
  `isDelete` tinyint NOT NULL DEFAULT '0' COMMENT '0=not delete, 1 = delete',
  PRIMARY KEY (`id`)
) ENGINE=MyISAM DEFAULT CHARSET=utf8mb4 COLLATE=utf8mb4_0900_ai_ci;

-- --------------------------------------------------------

--
-- Table structure for table `cache`
--

DROP TABLE IF EXISTS `cache`;
CREATE TABLE IF NOT EXISTS `cache` (
  `key` varchar(191) COLLATE utf8mb4_unicode_ci NOT NULL,
  `value` mediumtext COLLATE utf8mb4_unicode_ci NOT NULL,
  `expiration` int NOT NULL,
  PRIMARY KEY (`key`)
) ENGINE=InnoDB DEFAULT CHARSET=utf8mb4 COLLATE=utf8mb4_unicode_ci;

-- --------------------------------------------------------

--
-- Table structure for table `cache_locks`
--

DROP TABLE IF EXISTS `cache_locks`;
CREATE TABLE IF NOT EXISTS `cache_locks` (
  `key` varchar(191) COLLATE utf8mb4_unicode_ci NOT NULL,
  `owner` varchar(191) COLLATE utf8mb4_unicode_ci NOT NULL,
  `expiration` int NOT NULL,
  PRIMARY KEY (`key`)
) ENGINE=InnoDB DEFAULT CHARSET=utf8mb4 COLLATE=utf8mb4_unicode_ci;

-- --------------------------------------------------------

--
-- Table structure for table `cardoffer`
--

DROP TABLE IF EXISTS `cardoffer`;
CREATE TABLE IF NOT EXISTS `cardoffer` (
  `id` int NOT NULL AUTO_INCREMENT,
  `rec_date` datetime NOT NULL DEFAULT CURRENT_TIMESTAMP,
  `user_id` int NOT NULL DEFAULT '0',
  `offerpage` int NOT NULL DEFAULT '1' COMMENT '1 - la offer 1,\r\n2 - la offer 2,\r\n3 - la offer 3,\r\n4 - sa offer 1,\r\n5 - sa offer 2,\r\n6 - sa offer 3,\r\n7 - sa offer 4,\r\n8 - la offer 4,\r\n9 - sa offer 5,\r\n10 - la offer 5',
  `first_name` varchar(55) NOT NULL,
  `last_name` varchar(55) NOT NULL,
  `mobile` varchar(256) NOT NULL,
  `emailid` varchar(256) NOT NULL,
  `card_number` varchar(256) DEFAULT NULL,
  `registration_date` date DEFAULT NULL,
  `expiry_date` date DEFAULT NULL,
  `amount` float(11,2) NOT NULL,
  `paymentid` varchar(50) DEFAULT NULL,
  `isCustomer` int NOT NULL DEFAULT '0' COMMENT '0=No, 1=Yes',
  `isActive` int NOT NULL DEFAULT '0' COMMENT '0=No, 1=Yes',
  `isDelete` int NOT NULL DEFAULT '0' COMMENT '0=No. 1=Yes',
  PRIMARY KEY (`id`)
) ENGINE=InnoDB DEFAULT CHARSET=utf8mb4 COLLATE=utf8mb4_0900_ai_ci;

-- --------------------------------------------------------

--
-- Table structure for table `careers`
--

DROP TABLE IF EXISTS `careers`;
CREATE TABLE IF NOT EXISTS `careers` (
  `id` int NOT NULL AUTO_INCREMENT,
  `rec_date` datetime NOT NULL DEFAULT CURRENT_TIMESTAMP,
  `slug` varchar(225) NOT NULL,
  `title` varchar(225) NOT NULL,
  `descriptions` longtext NOT NULL,
  `isActive` int NOT NULL DEFAULT '1',
  `isDelete` int NOT NULL DEFAULT '0',
  PRIMARY KEY (`id`)
) ENGINE=MyISAM AUTO_INCREMENT=18 DEFAULT CHARSET=utf8mb4 COLLATE=utf8mb4_0900_ai_ci;

--
-- Dumping data for table `careers`
--

INSERT INTO `careers` (`id`, `rec_date`, `slug`, `title`, `descriptions`, `isActive`, `isDelete`) VALUES
(1, '2024-07-10 14:41:58', 'MF9XQ0', 'We’re Hiring Video Editor | Adajan, Surat', '<p>We&rsquo;re Hiring Video Editor | Adajan, Surat<br />\r\n<br />\r\n✅ Eligibility:<br />\r\n&bull; Min. Qualification &ndash; Graduate<br />\r\n&bull; Experience &ndash; 2 Years<br />\r\n&bull; Should create motion graphic videos<br />\r\n&bull; Create Animation videos<br />\r\n&bull; Should Create and Edit Vectors using video editing software<br />\r\n&bull; Must be proficient in video editing tools: Adobe After Effects, Premiere Pro, Illustrator, and Photoshop.<br />\r\n<br />\r\n✅ Job Role:<br />\r\n&bull; Create motion graphic explainer videos, slideshow videos, presentation videos, informational videos, and animated social media posts and reels.<br />\r\n&bull; Collaborate with the creative team to understand the requirements and present unique concepts.<br />\r\n<br />\r\n✅ Note:<br />\r\n&bull; Final Selection depends on the candidate&rsquo;s skill &ndash; judged by the company once the interview is done.<br />\r\n<br />\r\n&bull; Job Timing &ndash; 9:30 AM to 6:30 PM (Monday to Saturday).<br />\r\n<br />\r\n✅ Company Location:<br />\r\n128, 1st Floor Green Elina Complex, Opp. Varun Circle, Anand Mahal Road, Adajan, Surat, Gujarat - 395009.<br />\r\n<br />\r\nShare your CV at hr@easyailoans.com&nbsp;| +91 97125 63577</p>', 0, 0),
(6, '2024-02-22 11:23:15', 'Es9hV2', 'test', '<p>test test</p>\r\n\r\n<div id=\"gtx-trans\" style=\"left:-201px; position:absolute; top:38px\">\r\n<div class=\"gtx-trans-icon\">&nbsp;</div>\r\n</div>', 1, 1),
(7, '2025-04-04 12:02:42', 'Q805yt', 'We’re Hiring | Telecaller | Dabholi, Surat', '<p>✅ Eligibility:</p>\r\n\r\n<p>&bull; Qualification &ndash;&nbsp;12th Pass</p>\r\n\r\n<p>&bull; Experience &ndash; 6 months to 1 Year</p>\r\n\r\n<p>&nbsp;</p>\r\n\r\n<p>✅ Job Role:</p>\r\n\r\n<p>&bull; Calling Customers and Informing them about the Company&#39;s Products/Services.</p>\r\n\r\n<p>&bull; Receive Calls and Solve Queries.</p>\r\n\r\n<p>&bull; Must use clear speech while communicating.</p>\r\n\r\n<p>&bull; Implement good communication skills for effective interactions.</p>\r\n\r\n<p>&nbsp;</p>\r\n\r\n<p>✅ Note:</p>\r\n\r\n<p>&bull; Final Selection depends on the candidate&rsquo;s skill &ndash; judged by the company once the interview is done.</p>\r\n\r\n<p>&bull; Job Timing &ndash; 9:30 AM To 6:30 PM (Monday to Saturday).</p>\r\n\r\n<p>✅ Company Location:</p>\r\n\r\n<p>&bull;&nbsp;245, Unique Square, Causeway Dabholi Link Road, Singanpore Shubham K Mart, Katargam, Surat, Gujarat, India - 395004</p>\r\n\r\n<p>Share your CV at hr@easyailoans.com | +91&nbsp;99988 43612</p>', 1, 0),
(8, '2024-05-24 16:36:45', 'N4bzu0', 'We\'re Hiring | Video Editor | Adajan Surat', '<p>We&rsquo;re Hiring Video Editor | Adajan Surat</p>\r\n\r\n<p>✅ Eligibility:<br />\r\n&bull; Min. Qualification &ndash; Graduate<br />\r\n&bull; Experience &ndash; 2 Years<br />\r\n&bull; Should create motion graphic videos<br />\r\n&bull; Create Animation videos<br />\r\n&bull; Should Create and Edit Vectors using video editing software<br />\r\n&bull; Must be proficient in video editing tools: Adobe After Effects, Premiere Pro, Illustrator, and Photoshop.</p>\r\n\r\n<p>✅ Job Role:<br />\r\n&bull; Create motion graphic explainer videos, slideshow videos, presentation videos, informational videos, and animated social media posts and reels.<br />\r\n&bull; Collaborate with the creative team to understand the requirements and present unique concepts.</p>\r\n\r\n<p>✅ Note:<br />\r\n&bull; Final Selection depends on the candidate&rsquo;s skill &ndash; judged by the company once the interview is done.<br />\r\n&bull; Job Timing &ndash; 9:30 AM to 6:30 PM (Monday to Saturday).</p>\r\n\r\n<p>✅ Company Location:<br />\r\n128, 1st Floor Green Elina Complex, Opp. Varun Circle, Anand Mahal Road, Adajan, Surat, Gujarat - 395009.<br />\r\nShare your CV at hr@easyailoans.com | +91 97125 63577</p>', 1, 1),
(9, '2024-05-24 16:47:40', 'N4bzu0', 'We\'re Hiring | Video Editor | Adajan Surat', '<p>We&rsquo;re Hiring Video Editor | Adajan Surat</p>\r\n\r\n<p>&nbsp;</p>\r\n\r\n<p>✅ Eligibility:<br />\r\n&bull; Min. Qualification &ndash; Graduate<br />\r\n&bull; Experience &ndash; 2 Years<br />\r\n&bull; Should create motion graphic videos<br />\r\n&bull; Create Animation videos<br />\r\n&bull; Should Create and Edit Vectors using video editing software<br />\r\n&bull; Must be proficient in video editing tools: Adobe After Effects, Premiere Pro, Illustrator, and Photoshop.</p>\r\n\r\n<p>&nbsp;</p>\r\n\r\n\r\n<p>✅ Job Role:<br />\r\n&bull; Create motion graphic explainer videos, slideshow videos, presentation videos, informational videos, and animated social media posts and reels.<br />\r\n&bull; Collaborate with the creative team to understand the requirements and present unique concepts.</p>\r\n\r\n<p>&nbsp;</p>\r\n\r\n\r\n<p>✅ Note:<br />\r\n&bull; Final Selection depends on the candidate&rsquo;s skill &ndash; judged by the company once the interview is done.<br />\r\n&bull; Job Timing &ndash; 9:30 AM to 6:30 PM (Monday to Saturday).</p>\r\n\r\n<p>&nbsp;</p>\r\n\r\n<p>✅ Company Location:<br />\r\n128, 1st Floor Green Elina Complex, Opp. Varun Circle, Anand Mahal Road, Adajan, Surat, Gujarat - 395009.<br />\r\nShare your CV at hr@easyailoans.com | +91 97125 63577</p>\r\n\r\n<p>&nbsp;</p>', 1, 1),
(10, '2024-05-24 16:52:59', '5L84x7', 'We’re Hiring | Content Writer | Adajan Surat', '<p>We&rsquo;re Hiring Content Writer | Adajan, Surat</p>\r\n\r\n<p>✅ Eligibility:<br />\r\n&bull; Qualification &ndash; Graduate<br />\r\n&bull; Experience &ndash; 6 Months To 1 Year</p>\r\n\r\n<p>✅ Job Role:<br />\r\n&bull; Use SEO best practices to generate traffic to our site.<br />\r\n&bull; Regularly produce various content types, including emailers, social media posts, blogs, website content, etc.<br />\r\n&bull; Generate Error-Free Original Content<br />\r\n&bull; Collaborate with other departments to create innovative content ideas.<br />\r\n&bull; Write content as per the company&rsquo;s requirements (under strict deadlines).</p>\r\n\r\n<p>✅ Note:<br />\r\n&bull; Final Selection depends on the candidate&rsquo;s skill &ndash; judged by the company once the interview is done.<br />\r\n&bull; Job Timing &ndash; 9:30 AM To 6:30 PM (Monday to Saturday).</p>\r\n\r\n<p>✅ Company Location:<br />\r\n128, 1st Floor Green Elina Complex, Opp. Varun Circle, Anand Mahal Road, Adajan, Surat, Gujarat - 395009.</p>\r\n\r\n<p>Share your CV at hr@easyailoans.com | +91 97125 63577</p>', 0, 0),
(11, '2024-07-09 11:51:38', '9EWPtu', 'We’re Hiring | SEO Expert | Adajan Surat', '<p>We&rsquo;re Hiring SEO Expert | Adajan, Surat</p>\r\n\r\n<p>✅ Eligibility:<br />\r\n&bull; Qualification &ndash; Graduate<br />\r\n&bull; Experience &ndash; 1 Year</p>\r\n\r\n<p>✅ Job Role:<br />\r\n&bull; Using Google Analytics to conduct performance reports regularly.<br />\r\n&bull; Ensuring high-quality SEO content.<br />\r\n&bull; Creating Backlink, articles and directory posting, press releases, etc.<br />\r\n&bull; Apply knowledge of PPC programs and optimize data gathered from both organic and paid sources.</p>\r\n\r\n<p>✅ Note:<br />\r\n&bull; Final Selection depends on the candidate&rsquo;s skill &ndash; judged by the company once the interview is done.<br />\r\n&bull; Job Timing &ndash; 9:30 AM To 6:30 PM (Monday to Saturday).</p>\r\n\r\n<p>✅ Company Location:<br />\r\n128, 1st Floor Green Elina Complex, Opp. Varun Circle, Anand Mahal Road, Adajan, Surat, Gujarat - 395009.</p>\r\n\r\n<p>Share your CV at hr@easyailoans.com | +91 97125 63577</p>', 1, 1),
(12, '2024-07-09 11:51:38', '9EWPtu', 'We’re Hiring | SEO Expert | Adajan Surat', '<p>We&rsquo;re Hiring SEO Expert | Adajan, Surat</p>\r\n\r\n<p>✅ Eligibility:<br />\r\n&bull; Qualification &ndash; Graduate<br />\r\n&bull; Experience &ndash; 1 Year</p>\r\n\r\n<p>✅ Job Role:<br />\r\n&bull; Using Google Analytics to conduct performance reports regularly.<br />\r\n&bull; Ensuring high-quality SEO content.<br />\r\n&bull; Creating Backlink, articles and directory posting, press releases, etc.<br />\r\n&bull; Apply knowledge of PPC programs and optimize data gathered from both organic and paid sources.</p>\r\n\r\n<p>✅ Note:<br />\r\n&bull; Final Selection depends on the candidate&rsquo;s skill &ndash; judged by the company once the interview is done.<br />\r\n&bull; Job Timing &ndash; 9:30 AM To 6:30 PM (Monday to Saturday).</p>\r\n\r\n<p>✅ Company Location:<br />\r\n128, 1st Floor Green Elina Complex, Opp. Varun Circle, Anand Mahal Road, Adajan, Surat, Gujarat - 395009.</p>\r\n\r\n<p>Share your CV at hr@easyailoans.com | +91 97125 63577</p>', 1, 1),
(13, '2024-07-09 11:51:38', '9EWPtu', 'We’re Hiring | SEO Expert | Adajan Surat', '<p>We&rsquo;re Hiring SEO Expert | Adajan, Surat</p>\r\n\r\n<p>✅ Eligibility:<br />\r\n&bull; Qualification &ndash; Graduate<br />\r\n&bull; Experience &ndash; 1 Year</p>\r\n\r\n<p>✅ Job Role:<br />\r\n&bull; Using Google Analytics to conduct performance reports regularly.<br />\r\n&bull; Ensuring high-quality SEO content.<br />\r\n&bull; Creating Backlink, articles and directory posting, press releases, etc.<br />\r\n&bull; Apply knowledge of PPC programs and optimize data gathered from both organic and paid sources.</p>\r\n\r\n<p>✅ Note:<br />\r\n&bull; Final Selection depends on the candidate&rsquo;s skill &ndash; judged by the company once the interview is done.<br />\r\n&bull; Job Timing &ndash; 9:30 AM To 6:30 PM (Monday to Saturday).</p>\r\n\r\n<p>✅ Company Location:<br />\r\n128, 1st Floor Green Elina Complex, Opp. Varun Circle, Anand Mahal Road, Adajan, Surat, Gujarat - 395009.</p>\r\n\r\n<p>Share your CV at hr@easyailoans.com | +91 97125 63577</p>', 1, 1),
(14, '2024-07-09 11:51:38', '9EWPtu', 'We’re Hiring | SEO Expert | Adajan Surat', '<p>We&rsquo;re Hiring SEO Expert | Adajan, Surat</p>\r\n\r\n<p>✅ Eligibility:<br />\r\n&bull; Qualification &ndash; Graduate<br />\r\n&bull; Experience &ndash; 1 Year</p>\r\n\r\n<p>✅ Job Role:<br />\r\n&bull; Using Google Analytics to conduct performance reports regularly.<br />\r\n&bull; Ensuring high-quality SEO content.<br />\r\n&bull; Creating Backlink, articles and directory posting, press releases, etc.<br />\r\n&bull; Apply knowledge of PPC programs and optimize data gathered from both organic and paid sources.</p>\r\n\r\n<p>✅ Note:<br />\r\n&bull; Final Selection depends on the candidate&rsquo;s skill &ndash; judged by the company once the interview is done.<br />\r\n&bull; Job Timing &ndash; 9:30 AM To 6:30 PM (Monday to Saturday).</p>\r\n\r\n<p>✅ Company Location:<br />\r\n128, 1st Floor Green Elina Complex, Opp. Varun Circle, Anand Mahal Road, Adajan, Surat, Gujarat - 395009.</p>\r\n\r\n<p>Share your CV at hr@easyailoans.com | +91 97125 63577</p>', 0, 0),
(15, '2024-09-10 15:57:17', 'tYN93i', 'We\'re Hiring | Chartered Accountant | Adajan Surat', '<p>We&rsquo;re Hiring Chartered Accountant | Adajan, Surat<br />\r\n<br />\r\n✅ Eligibility:<br />\r\n&bull; Qualified Chartered Accountant<br />\r\n&bull; Experience &ndash; 30-50k per month<br />\r\n<br />\r\n✅ Required Knowledge:<br />\r\n&bull;&nbsp;TDS<br />\r\n&bull;&nbsp;Taxation<br />\r\n&bull;&nbsp;GST<br />\r\n&bull;&nbsp;Accounting<br />\r\n&bull;&nbsp;Management Reporting<br />\r\n<br />\r\n✅ Note:<br />\r\n&bull; Final Selection depends on the candidate&rsquo;s skill &ndash; judged by the company once the interview is done.<br />\r\n&bull; Job Timing &ndash; 9:30 AM To 6:30 PM (Monday to Saturday)..<br />\r\n<br />\r\n✅ Company Location:<br />\r\n128, 1st Floor Green Elina Complex, Opp. Varun Circle, Anand Mahal Road, Adajan, Surat, Gujarat - 395009.<br />\r\nShare your CV at hr@easyailoans.com&nbsp;| +91 97125 63577</p>', 0, 0),
(16, '2024-09-10 16:45:14', 'hDN5K0', 'We’re Hiring | Google Ads | Adajan Surat', '<p>We&rsquo;re Hiring | Google Ads | Adajan Surat</p>\r\n\r\n<p>✅ Eligibility:</p>\r\n\r\n<p>&bull; Min. Qualification &ndash; Graduate.<br />\r\n&bull;&nbsp;Experience &ndash; 2 Years.<br />\r\n&nbsp;</p>\r\n\r\n<p>✅ Job Role:</p>\r\n\r\n<p>&bull; Plan, create and manage PPC campaigns..<br />\r\n&bull; Be involved in keyword selection and audience targeting.<br />\r\n&bull; Generating leads and sales using Google Adwords.<br />\r\n&bull; Manage the strategy and setup of all paid campaigns.</p>\r\n\r\n<p>&nbsp;</p>\r\n\r\n<p>✅ Note:</p>\r\n\r\n<p>&bull; Final Selection depends on the candidate&rsquo;s skill &ndash; judged by the company once the interview is done.<br />\r\n&bull; Job Timing &ndash; 9:30 AM to 6:30 PM (Monday to Saturday).<br />\r\n&nbsp;</p>\r\n\r\n<p>✅ Company Location:</p>\r\n\r\n<p>&bull; 128, Green Elina, 1st Floor, Anand Mahal Road, Adajan, Surat, Gujarat, India - 395009<br />\r\nShare your CV at hr@easyailoans.com | +91 97125 63577</p>', 0, 0),
(17, '2025-04-10 14:20:45', 'xhdG2a', 'We’re Hiring  Back Office Executive Dabholi, Surat', '<p>✅ Eligibility:</p>\r\n\r\n<p>&bull; Qualification &ndash;&nbsp;12th Pass</p>\r\n\r\n<p>&bull; Experience &ndash; 6 months to 1 Year</p>\r\n\r\n<p>&nbsp;</p>\r\n\r\n<p>✅ Job Role:</p>\r\n\r\n<p>&bull; Handle login work by submitting files to the NBFC/Bank.</p>\r\n\r\n<p>&bull; Manage back-office operations.<br />\r\n<br />\r\n&bull; Maintain proper data on the computer</p>\r\n\r\n<p>&bull; Must use clear speech while communicating.</p>\r\n\r\n<p>&bull; Implement good communication skills for effective interactions.</p>\r\n\r\n<p>&nbsp;</p>\r\n\r\n<p>✅ Note:</p>\r\n\r\n<p>&bull; Final Selection depends on the candidate&rsquo;s skill &ndash; judged by the company once the interview is done.</p>\r\n\r\n<p>&bull; Job Timing &ndash; 9:30 AM To 6:30 PM (Monday to Saturday).</p>\r\n\r\n<p>✅ Company Location:</p>\r\n\r\n<p>&bull;&nbsp;245, Unique Square, Causeway Dabholi Link Road, Singanpore Shubham K Mart, Katargam, Surat, Gujarat, India - 395004</p>\r\n\r\n<p>Share your CV at hr@easyailoans.com | +91&nbsp;99988 43612</p>', 1, 0);

-- --------------------------------------------------------

--
-- Table structure for table `career_enquiries`
--

DROP TABLE IF EXISTS `career_enquiries`;
CREATE TABLE IF NOT EXISTS `career_enquiries` (
  `id` int NOT NULL AUTO_INCREMENT,
  `rec_date` datetime NOT NULL DEFAULT CURRENT_TIMESTAMP,
  `firstname` varchar(100) NOT NULL,
  `lastname` varchar(100) NOT NULL,
  `email` varchar(100) NOT NULL,
  `mobile` varchar(50) NOT NULL,
  `applyfor` varchar(255) NOT NULL,
  `resume` varchar(255) NOT NULL,
  `qualifications` varchar(255) NOT NULL,
  `experience` varchar(255) NOT NULL,
  `keyskills` longtext NOT NULL,
  `city` varchar(256) DEFAULT NULL,
  `server_ip` varchar(256) DEFAULT NULL,
  `isDelete` int NOT NULL DEFAULT '0',
  PRIMARY KEY (`id`)
) ENGINE=MyISAM DEFAULT CHARSET=utf8mb4 COLLATE=utf8mb4_0900_ai_ci;

-- --------------------------------------------------------

--
-- Table structure for table `cashfree_entry`
--

DROP TABLE IF EXISTS `cashfree_entry`;
CREATE TABLE IF NOT EXISTS `cashfree_entry` (
  `id` int NOT NULL AUTO_INCREMENT,
  `rec_date` datetime NOT NULL DEFAULT CURRENT_TIMESTAMP,
  `entryfor` int NOT NULL DEFAULT '0' COMMENT '1=Customer,2=Channel,11=SelfApply,12=Loan Agent, 3=LA_Offer_1,4=LA_Offer_2,5=LA_Offer_3,6=SA_Offer_1,7=SA_Offer_2,8=SA_Offer_3,9=SA_Offer_4,10=LA_Offer_4,21=SA_Offer_5,22=LA_Offer_5,31=SA_OFFER_6,32=LA_OFFER_6,41=SA_OFFER_7,42=LA_OFFER_7	',
  `userid` int NOT NULL,
  `orderid` varchar(50) NOT NULL,
  `orderamount` float(11,2) NOT NULL,
  `ordernote` varchar(256) DEFAULT NULL,
  `referenceid` varchar(256) DEFAULT NULL,
  `txstatus` varchar(256) DEFAULT NULL,
  `paymentmode` varchar(256) DEFAULT NULL,
  PRIMARY KEY (`id`)
) ENGINE=InnoDB DEFAULT CHARSET=utf8mb4 COLLATE=utf8mb4_0900_ai_ci;

-- --------------------------------------------------------

--
-- Table structure for table `channel_partners`
--

DROP TABLE IF EXISTS `channel_partners`;
CREATE TABLE IF NOT EXISTS `channel_partners` (
  `id` int NOT NULL AUTO_INCREMENT,
  `rec_date` datetime DEFAULT NULL,
  `first_name` varchar(155) NOT NULL,
  `last_name` varchar(155) NOT NULL,
  `mobile` varchar(99) NOT NULL,
  `email` varchar(99) NOT NULL,
  `password` text NOT NULL,
  `company_code` varchar(99) NOT NULL,
  `company_name` varchar(255) NOT NULL,
  `vat_gst_no` varchar(99) DEFAULT NULL,
  `phone` varchar(99) NOT NULL,
  `website` varchar(155) NOT NULL,
  `address` longtext,
  `city` varchar(99) DEFAULT NULL,
  `state` varchar(99) DEFAULT NULL,
  `pincode` varchar(99) DEFAULT NULL,
  `country` varchar(99) NOT NULL DEFAULT 'IN',
  `isActive` tinyint NOT NULL DEFAULT '1' COMMENT '1=active,0=deactive',
  `isDelete` tinyint NOT NULL DEFAULT '0' COMMENT '0=no, 1=yes',
  PRIMARY KEY (`id`)
) ENGINE=MyISAM DEFAULT CHARSET=utf8mb4 COLLATE=utf8mb4_0900_ai_ci;

-- --------------------------------------------------------

--
-- Table structure for table `cipherpayentry`
--

DROP TABLE IF EXISTS `cipherpayentry`;
CREATE TABLE IF NOT EXISTS `cipherpayentry` (
  `id` int NOT NULL AUTO_INCREMENT,
  `rec_date` datetime NOT NULL DEFAULT CURRENT_TIMESTAMP,
  `entryfor` int NOT NULL COMMENT '1=Customer,2=Channel,11=SelfApply,12=Loan Agent, 3=LA_Offer_1,4=LA_Offer_2,5=LA_Offer_3,6=SA_Offer_1,7=SA_Offer_2,8=SA_Offer_3,9=SA_Offer_4,10=LA_Offer_4',
  `userid` int NOT NULL,
  `orderid` varchar(99) COLLATE utf8mb3_unicode_ci NOT NULL,
  `orderamount` float(11,2) NOT NULL,
  `ordernote` varchar(256) COLLATE utf8mb3_unicode_ci DEFAULT NULL,
  `referenceid` varchar(256) COLLATE utf8mb3_unicode_ci DEFAULT NULL,
  `txstatus` varchar(99) COLLATE utf8mb3_unicode_ci DEFAULT NULL,
  `paymentmode` varchar(99) COLLATE utf8mb3_unicode_ci DEFAULT NULL,
  PRIMARY KEY (`id`)
) ENGINE=InnoDB DEFAULT CHARSET=utf8mb3 COLLATE=utf8mb3_unicode_ci;

-- --------------------------------------------------------

--
-- Table structure for table `click_counts`
--

DROP TABLE IF EXISTS `click_counts`;
CREATE TABLE IF NOT EXISTS `click_counts` (
  `id` int NOT NULL AUTO_INCREMENT,
  `rec_date` datetime NOT NULL DEFAULT CURRENT_TIMESTAMP,
  `user_id` int NOT NULL,
  `applylink_id` int NOT NULL,
  `counts` int NOT NULL DEFAULT '0',
  PRIMARY KEY (`id`)
) ENGINE=InnoDB DEFAULT CHARSET=utf8mb4 COLLATE=utf8mb4_unicode_ci;

-- --------------------------------------------------------

--
-- Table structure for table `contact_enquiry`
--

DROP TABLE IF EXISTS `contact_enquiry`;
CREATE TABLE IF NOT EXISTS `contact_enquiry` (
  `id` int NOT NULL AUTO_INCREMENT,
  `rec_date` datetime NOT NULL DEFAULT CURRENT_TIMESTAMP,
  `fullname` varchar(225) NOT NULL,
  `email` varchar(100) NOT NULL,
  `mobile` varchar(100) NOT NULL,
  `subject` varchar(255) NOT NULL,
  `message` longtext NOT NULL,
  `server_ip` varchar(256) DEFAULT NULL,
  PRIMARY KEY (`id`)
) ENGINE=MyISAM DEFAULT CHARSET=utf8mb4 COLLATE=utf8mb4_0900_ai_ci;

-- --------------------------------------------------------

--
-- Table structure for table `criteria_list`
--

DROP TABLE IF EXISTS `criteria_list`;
CREATE TABLE IF NOT EXISTS `criteria_list` (
  `id` int NOT NULL AUTO_INCREMENT,
  `rec_date` datetime NOT NULL DEFAULT CURRENT_TIMESTAMP,
  `criteria` varchar(99) NOT NULL,
  `isDelete` tinyint NOT NULL DEFAULT '0',
  `isActive` tinyint NOT NULL DEFAULT '1',
  PRIMARY KEY (`id`)
) ENGINE=MyISAM AUTO_INCREMENT=7 DEFAULT CHARSET=utf8mb4 COLLATE=utf8mb4_0900_ai_ci;

--
-- Dumping data for table `criteria_list`
--

INSERT INTO `criteria_list` (`id`, `rec_date`, `criteria`, `isDelete`, `isActive`) VALUES
(1, '2025-04-05 14:14:35', '0-15k (Salaried)', 0, 1),
(2, '2025-04-05 14:14:35', '0-15k (Self Employed)', 0, 1),
(3, '2025-04-05 14:15:41', '15-25k (Salaried)', 0, 1),
(4, '2025-04-05 14:15:41', '15-25k (Self Employed)', 0, 1),
(5, '2025-04-05 14:15:41', '25k Above (Salaried)', 0, 1),
(6, '2025-04-05 14:15:41', '25k Above (Self Employed)', 0, 1);

-- --------------------------------------------------------

--
-- Table structure for table `enroll_services`
--

DROP TABLE IF EXISTS `enroll_services`;
CREATE TABLE IF NOT EXISTS `enroll_services` (
  `id` int NOT NULL AUTO_INCREMENT,
  `rec_date` datetime NOT NULL,
  `serviceid` int NOT NULL,
  `purchase_date` date NOT NULL,
  `valid_upto` date NOT NULL,
  `amount` double NOT NULL DEFAULT '0',
  `paymentid` varchar(255) DEFAULT NULL,
  PRIMARY KEY (`id`),
  KEY `serviceid` (`serviceid`)
) ENGINE=MyISAM DEFAULT CHARSET=utf8mb4 COLLATE=utf8mb4_0900_ai_ci;

-- --------------------------------------------------------

--
-- Table structure for table `failed_jobs`
--

DROP TABLE IF EXISTS `failed_jobs`;
CREATE TABLE IF NOT EXISTS `failed_jobs` (
  `id` bigint UNSIGNED NOT NULL AUTO_INCREMENT,
  `uuid` varchar(191) COLLATE utf8mb4_unicode_ci NOT NULL,
  `connection` text COLLATE utf8mb4_unicode_ci NOT NULL,
  `queue` text COLLATE utf8mb4_unicode_ci NOT NULL,
  `payload` longtext COLLATE utf8mb4_unicode_ci NOT NULL,
  `exception` longtext COLLATE utf8mb4_unicode_ci NOT NULL,
  `failed_at` timestamp NOT NULL DEFAULT CURRENT_TIMESTAMP,
  PRIMARY KEY (`id`),
  UNIQUE KEY `failed_jobs_uuid_unique` (`uuid`)
) ENGINE=MyISAM DEFAULT CHARSET=utf8mb4 COLLATE=utf8mb4_unicode_ci;

-- --------------------------------------------------------

--
-- Table structure for table `fb_ads_entry`
--

DROP TABLE IF EXISTS `fb_ads_entry`;
CREATE TABLE IF NOT EXISTS `fb_ads_entry` (
  `id` int NOT NULL AUTO_INCREMENT,
  `rec_date` datetime NOT NULL DEFAULT CURRENT_TIMESTAMP,
  `userid` int DEFAULT NULL,
  `fbclid` varchar(299) COLLATE utf8mb4_unicode_ci DEFAULT NULL,
  `send_data` longtext COLLATE utf8mb4_unicode_ci,
  `received_data` longtext COLLATE utf8mb4_unicode_ci,
  PRIMARY KEY (`id`),
  KEY `userid` (`userid`)
) ENGINE=InnoDB DEFAULT CHARSET=utf8mb4 COLLATE=utf8mb4_unicode_ci;

-- --------------------------------------------------------

--
-- Table structure for table `important_update`
--

DROP TABLE IF EXISTS `important_update`;
CREATE TABLE IF NOT EXISTS `important_update` (
  `id` int NOT NULL AUTO_INCREMENT,
  `rec_date` datetime NOT NULL DEFAULT CURRENT_TIMESTAMP,
  `tags` varchar(256) NOT NULL,
  `descriptions` longtext NOT NULL,
  `isActive` int NOT NULL DEFAULT '0' COMMENT '0=No, 1=Yes',
  `isDelete` int NOT NULL DEFAULT '0' COMMENT '0=No, 1=Yes',
  PRIMARY KEY (`id`)
) ENGINE=InnoDB DEFAULT CHARSET=utf8mb4 COLLATE=utf8mb4_0900_ai_ci;

-- --------------------------------------------------------

--
-- Table structure for table `info_pages`
--

DROP TABLE IF EXISTS `info_pages`;
CREATE TABLE IF NOT EXISTS `info_pages` (
  `id` int NOT NULL AUTO_INCREMENT,
  `slug` varchar(255) NOT NULL,
  `content` longtext,
  `rec_date` datetime NOT NULL,
  `status` tinyint(1) NOT NULL DEFAULT '1',
  PRIMARY KEY (`id`)
) ENGINE=InnoDB AUTO_INCREMENT=44 DEFAULT CHARSET=utf8mb4 COLLATE=utf8mb4_0900_ai_ci;

--
-- Dumping data for table `info_pages`
--

INSERT INTO `info_pages` (`id`, `slug`, `content`, `rec_date`, `status`) VALUES
(1, 'privacy-policy', '<p dir=\"ltr\"><span style=\"font-size:14px\">The privacy of every user of Right Borrow is important for the company. This Privacy Policy mentions the data and information we collect about you, how we treat it, with whom we share it, and how we preserve and protect it.</span></p>\r\n\r\n<p dir=\"ltr\"><span style=\"font-size:14px\">In the regular course of our business through this website, we gather your personal information through several sources, including:</span></p>\r\n\r\n<ul>\r\n	<li dir=\"ltr\">\r\n	<p dir=\"ltr\"><span style=\"font-size:14px\">Information from you, such as applications or other sources which includes your name, address, marital status, employment, assets and income; and</span></p>\r\n	</li>\r\n	<li dir=\"ltr\">\r\n	<p dir=\"ltr\"><span style=\"font-size:14px\">Information about you, your accounts, and your holdings and transactions that we receive from you or others, such as account custodians, brokers, and other financial services firms, banks, etc.</span></p>\r\n	</li>\r\n</ul>\r\n\r\n<p dir=\"ltr\">&nbsp;</p>\r\n\r\n<p dir=\"ltr\"><span style=\"font-size:14px\">We&#39;re also dedicated to protecting the users of our website by addressing potential privacy concerns. Our privacy guidelines apply to all users globally. This policy applies to all information, in whatever form, relating to Right Borrow&rsquo;s business activities across the world, and to all information handled by Right Borrow relating to other companies and organizations with whom it deals. It also covers all IT and information communications facilities operated by Right Borrow or on its behalf.</span></p>\r\n\r\n<p dir=\"ltr\"><span style=\"font-size:14px\">This Privacy Policy covers the security, information, IT equipment and use of Right Borrow, a company incorporated under the laws presently in force in India and has its registered office at {#VAR_ADDRESS#} and its affiliates. It also includes the use of email, internet, voice and mobile IT equipment. This policy applies to all Right Borrow Users, Clients, and employees (hereafter referred to as &#39;individuals&#39;).</span></p>\r\n\r\n<p dir=\"ltr\"><span style=\"font-size:14px\">Subject to arbitration, only the courts and tribunals of {#VAR_CITY#}, India, shall have exclusive jurisdiction with respect to any suit, action or any other proceedings arising out of or in relation to the Loan Documents. Nothing contained in this clause shall limit any right of the Lender to commence any legal action or proceedings arising in relation to the Loan or the Loan Documents in any other court, tribunal or another appropriate forum, competent jurisdiction and the Borrower and/or the Guarantor hereby consent to that jurisdiction.</span></p>\r\n\r\n<p>&nbsp;</p>\r\n\r\n<h3 dir=\"ltr\"><strong><span style=\"font-size:18px\">How Right Borrow manages and protects Your Personal Information?</span></strong></h3>\r\n\r\n<p dir=\"ltr\"><span style=\"font-size:14px\">Right Borrow doesn&rsquo;t sell or trade information about current or former clients to third parties. We may disclose your personal information as necessary to:</span></p>\r\n\r\n<ul>\r\n	<li dir=\"ltr\">\r\n	<p dir=\"ltr\"><span style=\"font-size:14px\">Effect, administer, or enforce a transaction that you request or authorize;</span></p>\r\n	</li>\r\n	<li dir=\"ltr\">\r\n	<p dir=\"ltr\"><span style=\"font-size:14px\">Process or service a financial product or service that you request or authorize; or</span></p>\r\n	</li>\r\n	<li dir=\"ltr\">\r\n	<p dir=\"ltr\"><span style=\"font-size:14px\">Maintain or service your account with us or with another entity.</span></p>\r\n	</li>\r\n</ul>\r\n\r\n<p dir=\"ltr\">&nbsp;</p>\r\n\r\n<p dir=\"ltr\"><span style=\"font-size:14px\">Right Borrow may also disclose your personal information and data for everyday business purposes to organizations or firms who provide consulting, technology or other services for us and agree to maintain its confidentiality; others, such as attorneys, trustees, family members, or others who are authorized to represent you, your estate, or a joint or co-owner of your account; regulatory agencies; or as we are otherwise permitted or required by law or process of law.</span></p>\r\n\r\n<p dir=\"ltr\"><span style=\"font-size:14px\">Right Borrow restricts access to your personal information to our employees and to permitted third-parties who need to know that information to provide products or services for us, or to provide, process, or maintain any security, account, or investment product, service or program for you or your benefit. To protect your personal information from unauthorized access and use, we have adopted administrative, technical, and physical security procedures that comply with the Laws in India. These measures include computer safeguards and secured files and buildings.</span></p>\r\n\r\n<p dir=\"ltr\">&nbsp;</p>\r\n\r\n<h3 dir=\"ltr\"><span style=\"font-size:18px\"><strong>What Right Borrow can do with your personal information:</strong></span></h3>\r\n\r\n<p dir=\"ltr\"><span style=\"font-size:14px\">We may use your personal information that we collect or that is provided to us for the following reasons:</span></p>\r\n\r\n<ol>\r\n	<li dir=\"ltr\">\r\n	<p dir=\"ltr\"><span style=\"font-size:14px\">Considering any application for an account or service;</span></p>\r\n	</li>\r\n	<li dir=\"ltr\">\r\n	<p dir=\"ltr\"><span style=\"font-size:14px\">Carrying out our business functions and activities;</span></p>\r\n	</li>\r\n	<li dir=\"ltr\">\r\n	<p dir=\"ltr\"><span style=\"font-size:14px\">Collecting amounts you owe us, including taking enforcement action;</span></p>\r\n	</li>\r\n	<li dir=\"ltr\">\r\n	<p dir=\"ltr\"><span style=\"font-size:14px\">Exercising our rights and fulfilling our obligations under any agreement with you;</span></p>\r\n	</li>\r\n	<li dir=\"ltr\">\r\n	<p dir=\"ltr\"><span style=\"font-size:14px\">Exercising our rights and fulfilling our obligations for the purposes of complying with all applicable laws, including those relating to money laundering, terrorist financing, bribery, corruption, tax evasion, fraud, and similar; and managing all economic and trade sanction risks;</span></p>\r\n	</li>\r\n	<li dir=\"ltr\">\r\n	<p dir=\"ltr\"><span style=\"font-size:14px\">Generally administering and monitoring services provided to you (or any related entity); and</span></p>\r\n	</li>\r\n	<li dir=\"ltr\">\r\n	<p dir=\"ltr\"><span style=\"font-size:14px\">Providing you with information about our other services, or the services of selected third parties in which we think you may have an interest, including by post, telephone and electronic message &ndash; you can opt-out of receiving information about our other services and/or the services of selected third parties by informing us in writing.</span></p>\r\n	</li>\r\n</ol>\r\n\r\n<p dir=\"ltr\">&nbsp;</p>\r\n\r\n<h3 dir=\"ltr\"><span style=\"font-size:18px\"><strong>Sharing of Personal Information with Third Parties:</strong></span></h3>\r\n\r\n<p dir=\"ltr\"><span style=\"font-size:14px\">Right Borrow does not sell, trade, or otherwise transfer to outside parties your personally identifiable information. This does not include trusted third parties who assist us in operating our website, conducting our business, or servicing you, so long as those parties agree to keep this information confidential. We may also release your information when we believe release is appropriate to comply with the law, enforce our site policies, or protect our or others&#39; rights, property, or safety. However, non-personally identifiable visitor information may be provided to other parties for marketing, advertising, or other uses.</span></p>\r\n\r\n<p dir=\"ltr\">&nbsp;</p>\r\n\r\n<h3 dir=\"ltr\"><span style=\"font-size:18px\"><strong>Security and Confidentiality:</strong></span></h3>\r\n\r\n<p dir=\"ltr\"><span style=\"font-size:14px\">The protection and security of your personal information are important to us. We generally follow industry-standard information security tools and measures, as well as internal procedures and strict guidelines to prevent information submitted to us, both during transmission and once we receive it from misuse and data leakage. No method of transmission over the internet, or method of electronic storage, is 100% secure, however. Therefore, while we strive to use commercially acceptable means to protect your personal information, which considerably reduces the risks of data misuse, we cannot guarantee its absolute security. To notify the Company about any security vulnerability or potential data breach, please contact us at: {#VAR_Email ID#} and we will take the appropriate measures to address such an incident, as deemed necessary.</span></p>\r\n\r\n<p dir=\"ltr\"><span style=\"font-size:14px\">Our employees can access the information on a &quot;need-to-know&quot; basis and are subject to confidentiality obligations.</span></p>\r\n\r\n<p dir=\"ltr\">&nbsp;</p>\r\n\r\n<h3 dir=\"ltr\"><span style=\"font-size:18px\"><strong>DATA ACCURACY</strong></span></h3>\r\n\r\n<p dir=\"ltr\"><span style=\"font-size:14px\">Personal Data must be accurate and, where necessary, kept up to date. It must be corrected or deleted without delay when inaccurate. It is advisable that you ensure that the Personal Data we use and hold is accurate, complete, kept up to date and relevant to the purpose for which we collected it. You must check the accuracy of any Personal Data at the point of collection and at regular intervals afterwards. You must take all reasonable steps to destroy or amend inaccurate or out-of-date Personal Data.</span></p>\r\n\r\n<p dir=\"ltr\">&nbsp;</p>\r\n\r\n<h3 dir=\"ltr\"><span style=\"font-size:18px\"><strong>LIMIT OF LIABILITY</strong></span></h3>\r\n\r\n<p dir=\"ltr\"><span style=\"font-size:14px\">We shall not be liable for any confusion caused as a result of any of your actions or omission of any action, anything as a result of your viewing, reading or listening of any content. Although we will do our best to provide constant, uninterrupted access to our website, we accept no responsibility or liability for any interruption or delay.<br />\r\nIn no event will our total liability to you for all damages arising from your use of the service or information, materials or products included on or otherwise made available to you through the service exceed the amount you paid for the service related to your claim.</span></p>\r\n\r\n<p dir=\"ltr\"><span style=\"font-size:14px\">We have no liability for any loss, damage or misappropriation of your files under any circumstances or for any consequences related to changes, restrictions, suspension or termination of your service or the agreement. These liabilities shall apply to you even if their remedies shall fail their essential purpose.</span></p>\r\n\r\n<p dir=\"ltr\">&nbsp;</p>\r\n\r\n<h3 dir=\"ltr\"><span style=\"font-size:18px\"><strong>USAGE OF ADVERTISING ID</strong></span></h3>\r\n\r\n<p dir=\"ltr\"><span style=\"font-size:14px\">When you are using our application that incorporates our Services, we may also automatically record your Google and/or any other Advertising ID (if you are using an Android device) or your Advertising Identifier (IDFA - if you are using an IOS device; together with the Google and/or any other Advertising ID-&quot;Mobile Advertising IDs&quot;), for advertising or analytics purposes. The said Advertising ID is an anonymous identifier, provided by Google. If your device has an Advertising ID, we may collect and use it for advertising and user analytics purposes. If your device does not have an Advertising ID, we may use other persistent identifiers. The information collected may also be stored on your device. You can reset your mobile Advertising ID or opt-out of receiving targeted ads through your mobile Advertising IDs which are provided in our settings.</span></p>\r\n\r\n<p dir=\"ltr\">&nbsp;</p>\r\n\r\n<h3 dir=\"ltr\"><span style=\"font-size:18px\"><strong>COMPLIANCE &amp; COOPERATION WITH REGULATORS</strong></span></h3>\r\n\r\n<p dir=\"ltr\"><span style=\"font-size:14px\">We regularly review this Privacy Policy and make sure that we process your personal information in ways that comply with regulations currently in force in India. We firmly comply with legal frameworks including data protection laws relating to the transfer of data.</span></p>\r\n\r\n<p dir=\"ltr\">&nbsp;</p>\r\n\r\n<h3 dir=\"ltr\"><span style=\"font-size:18px\"><strong>CONSENT</strong></span></h3>\r\n\r\n<p dir=\"ltr\"><span style=\"font-size:14px\">By using our website, you consent to our website&#39;s Privacy Policy. The usage of the website shall be construed as an acceptance of the Privacy Policy.</span></p>\r\n\r\n<p>&nbsp;</p>\r\n\r\n<h3 dir=\"ltr\"><span style=\"font-size:18px\"><strong>GRIEVANCES</strong></span></h3>\r\n\r\n<p dir=\"ltr\"><span style=\"font-size:14px\">For any complaints and/or inquiries, you can send us formal written inquiries or complaints at {#VAR_Email ID#}. All inquiries and/or complaints shall be examined and will be resolved expeditiously. Our team of experts will respond by contacting the person who made such inquiries and/or complaints. We work with the appropriate regulatory authorities, including local data protection authorities, to resolve any complaints regarding the transfer of your data that we cannot resolve with you directly.</span></p>\r\n\r\n<p>&nbsp;</p>\r\n\r\n<h3 dir=\"ltr\"><span style=\"font-size:18px\"><strong>MODIFICATION OF THE POLICY</strong></span></h3>\r\n\r\n<p dir=\"ltr\"><span style=\"font-size:14px\">We reserve the right to modify this Privacy Policy at our own independent decision at any time. If the changes are significant, the Company shall spare no efforts to apprise its clientele and provide a prominent notice (including, for certain services, email notification of Privacy Policy changes). It is pertinent to remember that it shall be the Clients&#39; responsibility to read the Policy as amended every once in a while.</span></p>\r\n\r\n<p dir=\"ltr\">&nbsp;</p>\r\n\r\n<h3 dir=\"ltr\"><span style=\"font-size:18px\"><strong>USAGE OF COOKIES/COOKIES POLICY</strong></span></h3>\r\n\r\n<p dir=\"ltr\"><span style=\"font-size:14px\">Cookies are small files that a site or its service provider transfers to your computer&#39;s hard drive through your web browser with your permission which enables the site or service provider&#39;s systems to recognize your browser and capture and remember certain information. We use cookies to help us understand and save your preferences for future visits, keep track of advertisements and compile aggregate data about site traffic and site interaction so that we can offer better site experiences and tools in the future.</span></p>\r\n\r\n<p dir=\"ltr\">&nbsp;</p>', '2024-01-26 12:27:05', 1);
INSERT INTO `info_pages` (`id`, `slug`, `content`, `rec_date`, `status`) VALUES
(2, 'terms-conditions', '<p dir=\"ltr\"><span style=\"font-size:14px\">In these Terms &amp; Conditions, the words such as &ldquo;we&rdquo;, &ldquo;our&rdquo;, &ldquo;company&rdquo;, and &ldquo;us&rdquo; refer to Right Borrow and its undertaken system. And the words such as &ldquo;you&rdquo;, &ldquo;your&rdquo; refer to Right Borrow users, customers, etc.</span></p>\r\n\r\n<p dir=\"ltr\"><span style=\"font-size:14px\">Here are the terms and conditions for Customers, Employees, and every user of our website - {#VAR#_Website#}. So, the terms and conditions are applied as per your role. You must read all the below-mentioned Terms &amp; Conditions carefully.</span></p>\r\n\r\n<p dir=\"ltr\"><span style=\"font-size:14px\">The Company wishes to offer the services under the terms and conditions set forth and the user/customer wishes to be associated unconditionally with these terms and conditions.<br />\r\nTherefore, in consideration of the agreements contained in this, the parties, intending to be legally bound, agree to the correctness and authenticity of the following details given to the company:</span></p>\r\n\r\n<ul>\r\n	<li dir=\"ltr\">\r\n	<p dir=\"ltr\"><span style=\"font-size:14px\">Information from you, such as applications or other forms (which include your name, address, marital status, employment, assets and income); and</span></p>\r\n	</li>\r\n	<li dir=\"ltr\">\r\n	<p dir=\"ltr\"><span style=\"font-size:14px\">Information about you, your accounts, and your holdings and transactions that we receive from you or others, such as account custodians, brokers, and other financial services firms, banks, etc.</span></p>\r\n	</li>\r\n</ul>\r\n\r\n<p dir=\"ltr\"><span style=\"font-size:14px\">If the company by any source finds out anyone bad-mouthing or defaming the company&#39;s reputation or company&#39;s members then strict legal action will be taken against the individual or group.<br />\r\nWe&#39;re also serious about protecting our users by addressing potential privacy concerns. Our terms and condition guidelines apply to all users across the world. These terms and conditions apply to all information, in whatever form, relating to Right Borrow&#39;s business activities worldwide, and to all information handled by Right Borrow, relating to other organizations with whom it deals. It also covers all IT and information communications facilities operated by Right Borrow or on its behalf.</span></p>\r\n\r\n<p dir=\"ltr\">&nbsp;</p>\r\n\r\n<h3 dir=\"ltr\"><span style=\"font-size:18px\"><strong>SUBSCRIPTION TERMS AND CONDITIONS:</strong></span></h3>\r\n\r\n<ol>\r\n	<li dir=\"ltr\">\r\n	<p dir=\"ltr\"><span style=\"font-size:14px\">The payment of subscription fees is refundable only in accordance with the company&#39;s Cancellation &amp; Refund Policy.</span></p>\r\n	</li>\r\n	<li dir=\"ltr\">\r\n	<p dir=\"ltr\"><span style=\"font-size:14px\">Right Borrow subscription is not transferable and is only valid up to its date of expiry (valid as per subscription) and the subscription may not be used by any person other than the purchaser.</span></p>\r\n	</li>\r\n	<li dir=\"ltr\">\r\n	<p dir=\"ltr\"><span style=\"font-size:14px\">&nbsp;Renewal terms and conditions are at the discretion of Right Borrow.</span></p>\r\n	</li>\r\n	<li dir=\"ltr\">\r\n	<p dir=\"ltr\"><span style=\"font-size:14px\">The subscription can only be used on/for our website.</span></p>\r\n	</li>\r\n</ol>\r\n\r\n<h3 dir=\"ltr\">&nbsp;</h3>\r\n\r\n<h3 dir=\"ltr\"><span style=\"font-size:18px\"><strong>CUSTOMER TERMS AND CONDITIONS:</strong></span></h3>\r\n\r\n<ol>\r\n	<li dir=\"ltr\">\r\n	<p dir=\"ltr\"><span style=\"font-size:14px\">The payment of Subscription fees is refundable only in accordance with the company&#39;s Cancellation &amp; Refund Policy.</span></p>\r\n	</li>\r\n	<li dir=\"ltr\">\r\n	<p dir=\"ltr\"><span style=\"font-size:14px\">The company only takes the cost of the Subscription. No other tip of service is charged.</span></p>\r\n	</li>\r\n	<li dir=\"ltr\">\r\n	<p dir=\"ltr\"><span style=\"font-size:14px\">Customers can use the Subscription only for loan purposes with given benefits. Also, buying a Subscription lets you apply for a loan and it doesn&rsquo;t guarantee loan approval as the final loan approval depends on the banks and the customer profile. If the loan is rejected, you can still avail other benefits of the Subscription.</span></p>\r\n	</li>\r\n	<li dir=\"ltr\">\r\n	<p dir=\"ltr\"><span style=\"font-size:14px\">If a customer is viewing any advertisement/promotional content of the company and then approaching the company thinking that he/she will get the loan approval based on the advertisement, then it must be noted that a loan application will only be submitted once the customer buys Right Borrow&rsquo;s Subscription. Even after buying the Subscription, the final loan approval depends on the bank(s) and customer profile. If the customer&rsquo;s profile doesn&rsquo;t match loan eligibility criteria, he/she won&rsquo;t be able to get a loan. Still, they can avail other benefits of the Subscription.</span></p>\r\n	</li>\r\n	<li dir=\"ltr\">\r\n	<p dir=\"ltr\"><span style=\"font-size:14px\">Subscription can be used only by the persons who have purchased it and not by any other person(s), source or third party.</span></p>\r\n	</li>\r\n	<li dir=\"ltr\">\r\n	<p dir=\"ltr\"><span style=\"font-size:14px\">If a customer reference does payment through the customer&#39;s own referral link which is provided by the company and if that shows in the customer&#39;s portal then the only company will give the reference payout of that customer.</span></p>\r\n	</li>\r\n	<li dir=\"ltr\">\r\n	<p dir=\"ltr\"><span style=\"font-size:14px\">If the customer loan is approved in our company and he/she denies that loan approval then also Subscription payment would not be refundable.</span></p>\r\n	</li>\r\n	<li dir=\"ltr\">\r\n	<p dir=\"ltr\"><span style=\"font-size:14px\">The documents, cheques, and OTP that the company&#39;s employee asks the customer are for the processing of the loan only and the company never misuses them. Just for security, after completing the loan process, the customer can go to the concerned bank and cancel their cheque. The company is not responsible if any problems/disputes arise in the future.</span></p>\r\n	</li>\r\n	<li dir=\"ltr\">\r\n	<p dir=\"ltr\"><span style=\"font-size:14px\">If you do not give the OTP, documents, or document query for verification to the company&#39;s employee for the loan process, then your file will be rejected. (According to the criteria, if your file matches without OTP, your loan will be processed).</span></p>\r\n	</li>\r\n	<li dir=\"ltr\">\r\n	<p dir=\"ltr\"><span style=\"font-size:14px\">If our company&#39;s executive asks you for any payment transaction OTP, do not provide it. If the customer pays any charges other than the charge of the Subscription, the company won&rsquo;t be responsible for the same.</span></p>\r\n	</li>\r\n	<li dir=\"ltr\">\r\n	<p dir=\"ltr\"><span style=\"font-size:14px\">If a customer has any queries regarding the loan process then he/she would have to contact the department where their files are in process.</span></p>\r\n	</li>\r\n	<li dir=\"ltr\">\r\n	<p dir=\"ltr\"><span style=\"font-size:14px\">We will verify your documents in multiple banks; so whatever documents are submitted by customers in our company that will match with any bank criteria, in that bank only we will proceed with the loan process. For example, if your file will match in 2 banks then our company&#39;s login department will login your document only in that 2 banks. The verification is done by the company&#39;s employee and there is no proof available for the same.</span></p>\r\n	</li>\r\n	<li dir=\"ltr\">\r\n	<p dir=\"ltr\"><span style=\"font-size:14px\">The document will be verified by the company in multiple banks. If your documents match the criteria of the bank, then the login process will be done in that bank. If your documents do not match the criteria of a bank, the company will give you a solution. You can take the solution and reapply after a certain period (as per Subscription) - and this will be shown on the customer portal.</span></p>\r\n	</li>\r\n	<li dir=\"ltr\">\r\n	<p dir=\"ltr\"><span style=\"font-size:14px\">It is not fixed that the customer file will be logged in only in the banks listed on the company website. It may be logged in/verified in other banks also, depending on the customer file.</span></p>\r\n	</li>\r\n	<li dir=\"ltr\">\r\n	<p dir=\"ltr\"><span style=\"font-size:14px\">Our company is not taking extra charges other than Subscription charges. If any third-party charges you then our company is not responsible for that.</span></p>\r\n	</li>\r\n	<li dir=\"ltr\">\r\n	<p dir=\"ltr\"><span style=\"font-size:14px\">There are no processing or file charges for customer loan approval. There is only one charge and that&#39;s only for the Subscription - validity as per Subscription.</span></p>\r\n	</li>\r\n	<li dir=\"ltr\">\r\n	<p dir=\"ltr\"><span style=\"font-size:14px\">Our company will log in customer files as per their requirements. (Example: If customer requirement is INR 1 lakh and if some bank criteria is up to INR 50,000 then we will not log in their file in that bank).</span></p>\r\n	</li>\r\n	<li dir=\"ltr\">\r\n	<p dir=\"ltr\"><span style=\"font-size:14px\">Wherever the customer file is logged in by the company, these details will not be given to any customer in written or digital form.</span></p>\r\n	</li>\r\n	<li dir=\"ltr\">\r\n	<p dir=\"ltr\"><span style=\"font-size:14px\">Loan offers and the pre-approval loans process depend only on the bank&#39;s rules and that type of loan is given only on customer behaviour. So, there is so much difference between that type of process and the company&#39;s process. If that loan is rejected in our company but gets approved by another company/source then the customer can&#39;t blame our company.</span></p>\r\n	</li>\r\n	<li dir=\"ltr\">\r\n	<p dir=\"ltr\"><span style=\"font-size:14px\">Loan approval depends on your profile so if your documents are perfect and as per the bank criteria then you will get a loan through our company</span></p>\r\n	</li>\r\n	<li dir=\"ltr\">\r\n	<p dir=\"ltr\"><span style=\"font-size:14px\">The loan information is only given to the person who has applied for the loan.</span></p>\r\n	</li>\r\n	<li dir=\"ltr\">\r\n	<p dir=\"ltr\"><span style=\"font-size:14px\">During the loan processing time, if any customer would not be in contact with us for 3 days, then that file will be rejected by our company.</span></p>\r\n	</li>\r\n	<li dir=\"ltr\">\r\n	<p dir=\"ltr\"><span style=\"font-size:14px\">If your file is rejected in our company, then the customer has to make sure that they have to re-submit their documents, with the implemented company-suggested solution, in our company after a certain period (as per Subscription).</span></p>\r\n	</li>\r\n	<li dir=\"ltr\">\r\n	<p dir=\"ltr\"><span style=\"font-size:14px\">The company is not responsible if the customer loan is rejected by any queries.</span></p>\r\n	</li>\r\n	<li dir=\"ltr\">\r\n	<p dir=\"ltr\"><span style=\"font-size:14px\">If the customer will apply for the first time but his/her loan is rejected in our company then the company will give them a reason and solution for that. So at re-applying time if the customer will not resubmit a file with the solution implemented then the file will be again rejected in our company for the same reason. Still, the final loan approval will depend on the customer profile and the bank&#39;s criteria and rules &amp; regulations.</span></p>\r\n	</li>\r\n	<li dir=\"ltr\">\r\n	<p dir=\"ltr\"><span style=\"font-size:14px\">The company will provide only the reason for rejection to the customer and it would not be provided in the form of hard or soft copy - it will only be shown in the customer portal. Some banks only provide general reasons, they don&#39;t give us any specific reason so the customer should not complain about that.</span></p>\r\n	</li>\r\n	<li dir=\"ltr\">\r\n	<p dir=\"ltr\"><span style=\"font-size:14px\">The customer has to give correct information about their CIBIL SCORE and PROFILE. If the customer gives wrong information, then the company will not be responsible for loan rejection.</span></p>\r\n	</li>\r\n	<li dir=\"ltr\">\r\n	<p dir=\"ltr\"><span style=\"font-size:14px\">The company will not be providing any CIBIL REPORT in digital or hard copy to any customer in any situation.</span></p>\r\n	</li>\r\n	<li dir=\"ltr\">\r\n	<p dir=\"ltr\"><span style=\"font-size:14px\">Bank charges are applicable as per banks&#39; rules and regulations.</span></p>\r\n	</li>\r\n	<li dir=\"ltr\">\r\n	<p dir=\"ltr\"><span style=\"font-size:14px\">The company will take legal action against the customer who submitted fake documents. And the company won&rsquo;t take any responsibility for the loan process in this case.</span></p>\r\n	</li>\r\n	<li dir=\"ltr\">\r\n	<p dir=\"ltr\"><span style=\"font-size:14px\">After the customer&rsquo;s file is logged in, the customer has to contact only the login department and coordinate with them &ndash; not any telecaller or other department of the company. The further process has to be done according to the login department.</span></p>\r\n	</li>\r\n	<li dir=\"ltr\">\r\n	<p dir=\"ltr\"><span style=\"font-size:14px\">During the loan process if the rules of any bank change, then we have to follow those new rules.</span></p>\r\n	</li>\r\n	<li dir=\"ltr\">\r\n	<p dir=\"ltr\"><span style=\"font-size:14px\">The customer has to give their registered phone number for being contacted by the login department.</span></p>\r\n	</li>\r\n	<li dir=\"ltr\">\r\n	<p dir=\"ltr\"><span style=\"font-size:14px\">During the loan processing time, if the company gets any queries and it is not solving that in the given time, then the company has the authority to take more time to address the query. So, the customer must not complain about the same.</span></p>\r\n	</li>\r\n	<li dir=\"ltr\">\r\n	<p dir=\"ltr\"><span style=\"font-size:14px\">If the customer wants to reapply in our company after file rejection or approval, then he/she has to re-submit their documents in the customer portal.</span></p>\r\n	</li>\r\n	<li dir=\"ltr\">\r\n	<p dir=\"ltr\"><span style=\"font-size:14px\">When you are applying for a loan on our website, we are showing you only your Eligibility for the loan. So whatever details you enter on the website are accepted by software only, and that only shows your pre-approval and not your final loan approval. Approval only depends on your documents and the banks&#39; rules and regulations. We are not giving you any guarantee for the final loan approval.</span></p>\r\n	</li>\r\n	<li dir=\"ltr\">\r\n	<p dir=\"ltr\"><span style=\"font-size:14px\">All the detailed criteria, terms, and information behind any of the company&rsquo;s concise promotional content (social media ads, banners, SMS, advertisements, emails, etc.) are stated in the Terms &amp; Conditions and Privacy Policy sections of the website. Any concerned person (customer, employee, etc.) must check and accept all the rules and regulations before availing any of the company&rsquo;s services. If any person has confusion, they can call on the company&rsquo;s customer care number to gain clarity before availing company&rsquo;s services.</span></p>\r\n	</li>\r\n	<li dir=\"ltr\">\r\n	<p dir=\"ltr\"><span style=\"font-size:14px\">The customer&#39;s payment is executed by third-party payment sources. So whenever payment would be received by the company then only a Subscription will be activated for the customer. If a customer&#39;s payment would be debited from his/her account but we don&#39;t receive any payment in the company&#39;s account then the company will not be responsible for that.</span></p>\r\n	</li>\r\n	<li dir=\"ltr\">\r\n	<p dir=\"ltr\"><span style=\"font-size:14px\">For any reference customer&#39;s payout, their account verification is compulsory. After verification, if the payout amount is debited from the company&rsquo;s account and if it does not credit/reflect in the reference customer&rsquo;s account &ndash; the company won&rsquo;t be responsible for this issue.</span></p>\r\n	</li>\r\n	<li dir=\"ltr\">\r\n	<p dir=\"ltr\"><span style=\"font-size:14px\">Our company is a private limited company and we are tied up with banks and corporate DSA. We are providing loans through banks only.</span></p>\r\n	</li>\r\n	<li dir=\"ltr\">\r\n	<p dir=\"ltr\"><span style=\"font-size:14px\">Multiple partnered banks&#39; logos are shown on our website and our promotional content across many mediums &ndash; these are shown only for our company&#39;s marketing purpose. It might be possible that certain banks, whose logos are shown on our website/promotional content, are not partnered with our company. Also, these should not be assumed as any bank&#39;s advertisement.</span></p>\r\n	</li>\r\n	<li dir=\"ltr\">\r\n	<p dir=\"ltr\"><span style=\"font-size:14px\">If anyone takes any legal action against the company then only our legal advisor would be dealing with that and {#VAR_CITY#}, India, will only remain the junction for any legal procedure. No one would be able to contact any employee or director of our company.</span></p>\r\n	</li>\r\n	<li dir=\"ltr\">\r\n	<p dir=\"ltr\"><span style=\"font-size:14px\">If any person has a doubt/question regarding any of the company&rsquo;s terms and conditions, they can contact the company.</span></p>\r\n	</li>\r\n	<li dir=\"ltr\">\r\n	<p dir=\"ltr\"><span style=\"font-size:14px\">The eligibility age for buying a Subscription is 18 - 62 years. The persons in this age bracket can avail benefits of the Subscription.</span></p>\r\n	</li>\r\n	<li dir=\"ltr\">\r\n	<p dir=\"ltr\"><span style=\"font-size:14px\">For the Reference Customers who have given customer referrals to the company, it would be compulsory for them to submit their Payout Documents to the company within 30 days. If not submitted, all the payouts of the Reference Customer will be automatically cancelled. To get the cancelled payout, you can contact the company and discuss it.</span></p>\r\n	</li>\r\n	<li dir=\"ltr\">\r\n	<p dir=\"ltr\"><span style=\"font-size:14px\">Every reference payout will have a deduction of 5% TDS.</span></p>\r\n	</li>\r\n	<li dir=\"ltr\">\r\n	<p dir=\"ltr\"><span style=\"font-size:14px\">For the loan process, the company will only coordinate with the person who has purchased the Subscription and has an ongoing loan process &ndash; the company won&rsquo;t coordinate with any third party.</span></p>\r\n	</li>\r\n	<li dir=\"ltr\">\r\n	<p dir=\"ltr\"><span style=\"font-size:14px\">Every bank payout will have tax deductions as per the bank&rsquo;s rules and regulations.</span></p>\r\n	</li>\r\n	<li dir=\"ltr\">\r\n	<p dir=\"ltr\"><span style=\"font-size:14px\">The Company&#39;s authorized person can change any rules and regulations at any time; the concerned person must be regularly updated with the company&rsquo;s terms and conditions and has to accept them unconditionally.</span></p>\r\n	</li>\r\n	<li dir=\"ltr\">\r\n	<p dir=\"ltr\"><span style=\"font-size:14px\">The company will provide the appropriate loan services but the responsibility of customer handling will be of the reference customer.</span></p>\r\n	</li>\r\n	<li dir=\"ltr\">\r\n	<p dir=\"ltr\"><span style=\"font-size:14px\">If any bank&#39;s rules or company&#39;s rules are changing during the processing time of the loan then the customer has to follow those new rules.</span></p>\r\n	</li>\r\n	<li dir=\"ltr\">\r\n	<p dir=\"ltr\"><span style=\"font-size:14px\">The office holidays and bank holidays will not be counted as working days/business days. The company&rsquo;s office work will be done on working days only.</span></p>\r\n	</li>\r\n	<li dir=\"ltr\">\r\n	<p dir=\"ltr\"><span style=\"font-size:14px\">Our promotional content may communicate messages like &#39;Get Personal Loan in 30 mins&#39; or &#39;Get Rs.5,00,000 in 5 mins&#39; on our company&rsquo;s social media, blogs/articles, ads, websites, emails, SMS, or any other medium &ndash; it must be carefully noted that these messages are only meant for marketing and promotional purposes. All the numerical values that depict time/number of steps/number of clicks &ndash; are for marketing and promotional purposes only. The final loan approval and process depend on the customer profile and the bank/NBFCs&rsquo; rules, regulations and criteria. If you have any sort of doubt before starting the process, you can call our customer care number (10 am to 5 pm &ndash; Monday to Saturday).</span></p>\r\n	</li>\r\n	<li dir=\"ltr\">\r\n	<p dir=\"ltr\"><span style=\"font-size:14px\">As per the details/information entered by the user, even if the actual pre-approved amount is lesser than 2 Lakhs, the pre-approved amount shown on the website will be Rs.2 Lakhs (minimum). And, even if the actual pre-approved amount is more than 8.5 Lakhs, the pre-approved amount shown on the website will be Rs.8.5 Lakhs (maximum). The pre-approved amount/pre-approved loan offers are tentative &ndash; the final loan approval, loan sanction, and disbursement depend on the customer profile and the NBFCs&rsquo; rules and regulations.</span></p>\r\n	</li>\r\n	<li dir=\"ltr\">\r\n	<p dir=\"ltr\"><span style=\"font-size:14px\">The first login of the customer&rsquo;s file will be handled and executed by the company. To avail the reapplying option, the customer will have to perform the self-login(s).</span></p>\r\n	</li>\r\n</ol>\r\n\r\n<h3 dir=\"ltr\">&nbsp;</h3>\r\n\r\n<h3 dir=\"ltr\"><span style=\"font-size:18px\"><strong>REFERENCE TERMS AND CONDITIONS:</strong></span></h3>\r\n\r\n<ol>\r\n	<li dir=\"ltr\">\r\n	<p dir=\"ltr\"><span style=\"font-size:14px\">Reference payout would be given to reference customers as per rules and regulations of our company.</span></p>\r\n	</li>\r\n	<li dir=\"ltr\">\r\n	<p dir=\"ltr\"><span style=\"font-size:14px\">Our company will give payout only on Subscription; it does not depend on the reference customer&#39;s loan approval or rejection.</span></p>\r\n	</li>\r\n	<li dir=\"ltr\">\r\n	<p dir=\"ltr\"><span style=\"font-size:14px\">Whether the customer loan will be approved or not depends on the customer profile and the company does not give any guarantee for that.</span></p>\r\n	</li>\r\n	<li dir=\"ltr\">\r\n	<p dir=\"ltr\"><span style=\"font-size:14px\">If customers are giving a reference in our company for loan purposes, for that we have some criteria. The customer has to give a reference based on that criteria. The company is not giving you any type of guarantee for the loan approval in any situation at any cost so customers who give a reference have to agree with the decision of that file&#39;s login department.</span></p>\r\n	</li>\r\n	<li dir=\"ltr\">\r\n	<p dir=\"ltr\"><span style=\"font-size:14px\">The company will take legal action against the reference partner/customer who submitted fake documents. And the company won&rsquo;t take any responsibility for the loan process in this case.</span></p>\r\n	</li>\r\n	<li dir=\"ltr\">\r\n	<p dir=\"ltr\"><span style=\"font-size:14px\">&nbsp;The Customer&#39;s terms and conditions are also applicable to the reference person&#39;s customers.</span></p>\r\n	</li>\r\n	<li dir=\"ltr\">\r\n	<p dir=\"ltr\"><span style=\"font-size:14px\">&nbsp;Reference customer&#39;s payment is done through third-party payment sources. So whenever payment would be received by the company then only the Subscription will be activated. If the customer&#39;s payment is debited from his/her account but the company doesn&#39;t receive any payment in the company&#39;s account then the company will not be responsible for any queries.</span></p>\r\n	</li>\r\n	<li dir=\"ltr\">\r\n	<p dir=\"ltr\"><span style=\"font-size:14px\">&nbsp;During loan offers, if any reference person will do the online loan process then the company will give the payout up to 35% per Subscription to the reference person. But before that, invoice generation is most important for any payout process.</span></p>\r\n	</li>\r\n	<li dir=\"ltr\">\r\n	<p dir=\"ltr\"><span style=\"font-size:14px\">&nbsp;If the customer of reference will do an online process then the customer&#39;s payout will be given to the referral partner. But during processing time, if the company would refund that amount to the customer for any reason, then that customer&#39;s payout will be cut out from the reference person&#39;s next payout.</span></p>\r\n	</li>\r\n	<li dir=\"ltr\">\r\n	<p dir=\"ltr\"><span style=\"font-size:14px\">&nbsp;Whatever documents are submitted by a reference person, they will be secure in our company. If documents will be misused by any other sources in future then our company is not responsible for that.</span></p>\r\n	</li>\r\n	<li dir=\"ltr\">\r\n	<p dir=\"ltr\"><span style=\"font-size:14px\">For the Reference Customers who have given customer referrals to the company, it would be compulsory for them to submit their Payout Documents to the company within 30 days. If not submitted, all the payouts of the Reference Customer will be automatically cancelled. To get the cancelled payout, you can contact the company and discuss it.</span></p>\r\n	</li>\r\n	<li dir=\"ltr\">\r\n	<p dir=\"ltr\"><span style=\"font-size:14px\">&nbsp;If anyone takes any legal action against the company then only our legal advisor would be dealing with that, and {#VAR_CITY#}, India, remains the only junction for any legal procedure. No one can contact any employee or director of our company.</span></p>\r\n	</li>\r\n	<li dir=\"ltr\">\r\n	<p dir=\"ltr\"><span style=\"font-size:14px\">&nbsp;If any person has a doubt/question regarding any of the company&rsquo;s terms and conditions, they can contact the company.</span></p>\r\n	</li>\r\n	<li dir=\"ltr\">\r\n	<p dir=\"ltr\"><span style=\"font-size:14px\">&nbsp;Every reference payout will have a deduction of 5% TDS.</span></p>\r\n	</li>\r\n	<li dir=\"ltr\">\r\n	<p dir=\"ltr\"><span style=\"font-size:14px\">The office holidays and bank holidays will not be counted as working days/business days. The company&rsquo;s office work will be done on working days only.</span></p>\r\n	</li>\r\n	<li dir=\"ltr\">\r\n	<p dir=\"ltr\"><span style=\"font-size:14px\">The Company will have no responsibility for the promotions conducted and undertaken by the Customer Reference. The Customer Reference agrees that the promotions done by them are at their own risk, and the Customer Reference cannot hold the Company responsible for any sort of losses faced due to the promotions.</span></p>\r\n	</li>\r\n</ol>\r\n\r\n<h3 dir=\"ltr\">&nbsp;</h3>\r\n\r\n<h3 dir=\"ltr\"><span style=\"font-size:18px\"><strong>GENERAL TERMS AND CONDITIONS:</strong></span></h3>\r\n\r\n<ol>\r\n	<li dir=\"ltr\">\r\n	<p dir=\"ltr\"><span style=\"font-size:14px\">If the login department fails to solve the customer queries with accuracy, dedication and responsibility, then the login department agency will be cancelled by the company.</span></p>\r\n	</li>\r\n	<li dir=\"ltr\">\r\n	<p dir=\"ltr\"><span style=\"font-size:14px\">The Customer&#39;s loan process will take more days due to any festival.</span></p>\r\n	</li>\r\n	<li dir=\"ltr\">\r\n	<p dir=\"ltr\"><span style=\"font-size:14px\">If anyone has GST then they have to add the GST number in their portal so that the company can provide a GST Return to them. If you haven&rsquo;t received your GST Return &ndash; you can raise a request or call on company&rsquo;s customer care number between 10 AM to 5 PM (Monday to Saturday &ndash; only business days).</span></p>\r\n	</li>\r\n	<li dir=\"ltr\">\r\n	<p dir=\"ltr\"><span style=\"font-size:14px\">The Company is using Blogs for their advertising, so that content could be of the third party, so the company doesn&#39;t take guarantee of the information to be correct or incorrect.</span></p>\r\n	</li>\r\n	<li dir=\"ltr\">\r\n	<p dir=\"ltr\"><span style=\"font-size:14px\">If customers, employees, any other person, or any other party has a problem with the company then they have to inform that problem to our company through notice; so, we can try to give you a solution of that but after that, any of them want to take a legal action then they have to inform the company through notice. Only then, the legal process will be started.</span></p>\r\n	</li>\r\n	<li dir=\"ltr\">\r\n	<p dir=\"ltr\"><span style=\"font-size:14px\">&nbsp;If customers, employees, any other person, any other third party has a problem/dispute/misunderstanding with the company, the right to take the final decision over the concerned issue is reserved with the company and the concerned person will have to accept the solution provided by the company.</span></p>\r\n	</li>\r\n	<li dir=\"ltr\">\r\n	<p dir=\"ltr\"><span style=\"font-size:14px\">The documents, cheques, and OTP that the company&#39;s employee asks the customer are for the processing of the loan, the company is not responsible if any problems/disputes arise in the future.</span></p>\r\n	</li>\r\n	<li dir=\"ltr\">\r\n	<p dir=\"ltr\"><span style=\"font-size:14px\">During any process on the website, if there is any kind of mistake that happens due to the software or website technical problems, the final decision on such disputes can only be taken by the company and it has to be accepted by anyone concerned.</span></p>\r\n	</li>\r\n	<li dir=\"ltr\">\r\n	<p dir=\"ltr\"><span style=\"font-size:14px\">The Company&#39;s authorized person can change any rules and regulations at any time; the concerned person must be regularly updated with the company&rsquo;s terms and conditions and has to accept them unconditionally.</span></p>\r\n	</li>\r\n	<li dir=\"ltr\">\r\n	<p dir=\"ltr\"><span style=\"font-size:14px\">All the commitments made by the company&rsquo;s employees (any employee/person from the company), telecallers, or salespersons, etc. should be cross-checked by any concerned person (customer/any other person) from the Terms &amp; Conditions section of {#VAR#_Website#} before availing any of the company&rsquo;s services. Only the rules and regulations stated on the company website will be considered official.</span></p>\r\n	</li>\r\n	<li dir=\"ltr\">\r\n	<p dir=\"ltr\"><span style=\"font-size:14px\">All the detailed criteria, terms, and information behind any of the company&rsquo;s concise promotional content (social media ads, banners, SMS, advertisements, emails, etc.) are stated in the Terms &amp; Conditions and Privacy Policy sections of the website. Any concerned person (customer, employee, etc.) must check and accept all the rules and regulations before availing any of the company&rsquo;s services. If any person has confusion, they can call on the company&rsquo;s customer care number to gain clarity before availing company&rsquo;s services.</span></p>\r\n	</li>\r\n	<li dir=\"ltr\">\r\n	<p dir=\"ltr\"><span style=\"font-size:14px\">If any Customer Referral&rsquo;s customer gets a refund (due to any dispute like payment gateway problem or any other issue) then the referral payout will not be provided (if provided, it would be deducted from the next payout of the customer referral).</span></p>\r\n	</li>\r\n	<li dir=\"ltr\">\r\n	<p dir=\"ltr\"><span style=\"font-size:14px\">While generating the payout for Customer Referrals, the company uses a third-party payment gateway. So, if the payout is stuck and put on hold due to any payment gateway issue (or any other issue), then the payout would be delayed and all the terms and conditions of the third-party payment gateway would be applied. In such cases, the payout will be released only when the third-party payment gateway releases the stuck payment. In case of a payout dispute with any bank, the bank&rsquo;s criteria will be applied and the payout will be released only when the bank approves the payment.</span></p>\r\n	</li>\r\n	<li dir=\"ltr\">\r\n	<p dir=\"ltr\"><span style=\"font-size:14px\">&nbsp;If there is any dispute that arises between any concerned user (customer, customer referral, etc.) and the company, their account will be disabled immediately by the company. In such a case, the user would be needed to contact the company for any query.</span></p>\r\n	</li>\r\n	<li dir=\"ltr\">\r\n	<p dir=\"ltr\"><span style=\"font-size:14px\">&nbsp;All of the promotional content put and shared by the company, either on its website or any platform, is only for advertisement purposes. Any person should not assume it as the final loan approval or details of the loan. The final loan approval and specifics of the loan depend on the rules and regulations of various banks (or the concerned bank) and the customer profile. Every customer, or any other user must accept this clause and consider the bank&rsquo;s loan processing time only.</span></p>\r\n	</li>\r\n	<li dir=\"ltr\">\r\n	<p dir=\"ltr\"><span style=\"font-size:14px\">The loan-related figures, rates, and information used in the promotional content of the company are general and for promotional purposes. The final nature and specifics of the loan in terms of the loan amount, interest rate, repayment tenure, loan processing fees, loan insurance, etc., depends solely on the customer profile and the rules and regulations stated by the concerned bank. The final loan details depend on the criteria set by the concerned bank(s).</span></p>\r\n	</li>\r\n	<li dir=\"ltr\">\r\n	<p dir=\"ltr\"><span style=\"font-size:14px\">Right Borrow&#39;s company name, logo, content, business concept, software and system, pattern, website structure and design, and business process and offers are copyrighted with the company. If any individual or organization uses/copies any of the above-mentioned by even 1%, legal action may be taken against them.</span></p>\r\n	</li>\r\n	<li dir=\"ltr\">\r\n	<p dir=\"ltr\"><span style=\"font-size:14px\">If any person (customer, employee, etc.) is involved in any of the company&#39;s processes then the company is authorized to record the phone calls with that person.</span></p>\r\n	</li>\r\n	<li dir=\"ltr\">\r\n	<p dir=\"ltr\"><span style=\"font-size:14px\">&nbsp;If any customer applies for a loan in our company and if any other external person/organization commits fraud with that customer in terms of taking money from you or in any other way then, it will not be the company&rsquo;s responsibility for any kind of loss faced by the customer.</span></p>\r\n	</li>\r\n	<li dir=\"ltr\">\r\n	<p dir=\"ltr\"><span style=\"font-size:14px\">Whatever loan offer is given to the customer is according to the customer profile. The customer will have to compulsorily accept the loan offer &ndash; he/she cannot deny the loan offer.</span></p>\r\n	</li>\r\n	<li dir=\"ltr\">\r\n	<p dir=\"ltr\"><span style=\"font-size:14px\">The company has full authority to use the customer&rsquo;s information for purposes such as testimonials, advertisements, marketing, SMS, etc. The customer agrees that regulations of Do Not Disturb(DND)/National Do Not Call(NDNC) won&rsquo;t be applied in such practices.</span></p>\r\n	</li>\r\n	<li dir=\"ltr\">\r\n	<p dir=\"ltr\"><span style=\"font-size:14px\">&nbsp;If any person (user, customer, etc.) visits our website and indulges in any activity &ndash; like clicking a button, link, filling forms, or any other activity on the website, it will clearly mean and express that the person agrees to and acknowledges all terms &amp; conditions, rules &amp; regulations, and policies of the company.</span></p>\r\n	</li>\r\n	<li dir=\"ltr\">\r\n	<p dir=\"ltr\"><span style=\"font-size:14px\">After the loan approval, the bank charges will be applied as per the bank&rsquo;s rules and regulations.</span></p>\r\n	</li>\r\n	<li dir=\"ltr\">\r\n	<p dir=\"ltr\"><span style=\"font-size:14px\">&nbsp;No customer can contact the bank&rsquo;s employees to inquire about/get any information on the loan file processes.</span></p>\r\n	</li>\r\n	<li dir=\"ltr\">\r\n	<p dir=\"ltr\"><span style=\"font-size:14px\">The customer, whose loan has been approved, must read and understand the bank agreement and the bank&rsquo;s terms and conditions carefully. After the loan process is done, the company can&rsquo;t be held responsible or liable for anything.</span></p>\r\n	</li>\r\n	<li dir=\"ltr\">\r\n	<p dir=\"ltr\"><span style=\"font-size:14px\">The company will take legal action against the customer, reference customer, or any other person who submitted fake documents. And the company won&#39;t take any responsibility for the loan process in this case.</span></p>\r\n	</li>\r\n	<li dir=\"ltr\">\r\n	<p dir=\"ltr\"><span style=\"font-size:14px\">&nbsp;Multiple partnered banks&#39; logos are shown on our website and our promotional content across many mediums &ndash; these are shown only for our company&#39;s marketing purpose. It might be possible that certain banks, whose logos are shown on our website/promotional content, are not partnered with our company. Also, these should not be assumed as any bank&#39;s advertisement.</span></p>\r\n	</li>\r\n	<li dir=\"ltr\">\r\n	<p dir=\"ltr\"><span style=\"font-size:14px\">&nbsp;If anyone takes any legal action against the company then only our legal advisor would be dealing with that and&nbsp; {#VAR_CITY#}, India, will only remain the junction for any legal procedure. No one would be able to contact any employee or director of our company.</span></p>\r\n	</li>\r\n	<li dir=\"ltr\">\r\n	<p dir=\"ltr\"><span style=\"font-size:14px\">Any wrong/fake commitment or vocal statement given by the company&rsquo;s employees, etc. would be considered invalid. Only the solutions or solution-related vocal statements would be considered valid. All the company&rsquo;s Terms &amp; Conditions, Privacy Policy, Disclaimer, all other rules will be final and have to be followed.</span></p>\r\n	</li>\r\n	<li dir=\"ltr\">\r\n	<p dir=\"ltr\"><span style=\"font-size:14px\">&nbsp;If any person has a doubt/question regarding any of the company&rsquo;s terms and conditions, they can contact the company.</span></p>\r\n	</li>\r\n	<li dir=\"ltr\">\r\n	<p dir=\"ltr\"><span style=\"font-size:14px\">&nbsp;The office holidays and bank holidays will not be counted as working days/business days. The company&rsquo;s office work will be done on working days only.</span></p>\r\n	</li>\r\n	<li dir=\"ltr\">\r\n	<p dir=\"ltr\"><span style=\"font-size:14px\">Loan processing time might get delayed because of any public holiday, technical problems, customer issues, etc.</span></p>\r\n	</li>\r\n	<li dir=\"ltr\">\r\n	<p dir=\"ltr\"><span style=\"font-size:14px\">The Company will not be providing any proof for rejection in hard or soft copy.</span></p>\r\n	</li>\r\n	<li dir=\"ltr\">\r\n	<p dir=\"ltr\"><span style=\"font-size:14px\">It might be possible that the content/figures/information shown on our website are not updated. So, to get the exact information regarding any of our website&rsquo;s content, Terms &amp; Conditions, Privacy Policy, Disclaimer, etc., you can call on our customer care number.</span></p>\r\n	</li>\r\n	<li dir=\"ltr\">\r\n	<p dir=\"ltr\"><span style=\"font-size:14px\">&nbsp;After the purchase of the Subscription, the Company Executive will call the concerned person within 24-48 hours (it could be delayed due to any reason) for the loan process or partner process. If the concerned person doesn&rsquo;t get a call, they can call on the company&rsquo;s customer care number.</span></p>\r\n	</li>\r\n	<li dir=\"ltr\">\r\n	<p dir=\"ltr\"><span style=\"font-size:14px\">&nbsp;If the login process is going on and there has been no response from the login department, then the customer can call on the company&rsquo;s customer care number.</span></p>\r\n	</li>\r\n	<li dir=\"ltr\">\r\n	<p dir=\"ltr\"><span style=\"font-size:14px\">The content and any process on the website can be changed or modified at any instance. So, the older version of the content and process won&rsquo;t be functional, valid, or a subject of argument for any person &ndash; and the customers, users, etc. have to stay timely updated and accept all the changes unconditionally. Only the current content and process of the website will be considered valid.</span></p>\r\n	</li>\r\n	<li dir=\"ltr\">\r\n	<p dir=\"ltr\"><span style=\"font-size:14px\">&nbsp;By accessing our website, you affirm your age as 18 years or more. If you&rsquo;re someone below 18 years, we advise you not to access our website or the services</span></p>\r\n	</li>\r\n	<li dir=\"ltr\">\r\n	<p dir=\"ltr\"><span style=\"font-size:14px\">&nbsp;Any processes regarding the loan might get delayed due to public holidays, technical problems/software issues, etc.</span></p>\r\n	</li>\r\n	<li dir=\"ltr\">\r\n	<p dir=\"ltr\"><span style=\"font-size:14px\">&nbsp;In case the update email/message regarding the processes of loan is not received by the customer due to a delay because of technical problems, software issues, or any other issue &ndash; they can call on the company&rsquo;s customer care between 10 AM to 5 PM (Monday to Saturday &ndash; only business days).</span></p>\r\n	</li>\r\n	<li dir=\"ltr\">\r\n	<p dir=\"ltr\"><span style=\"font-size:14px\">&nbsp;In case the user, customer, any other person, or organization has a query/problem/issue or wants to raise a dispute with the company &ndash; they can either raise a request ticket or call on the company&rsquo;s customer care number between 10 AM to 5 PM (Monday to Saturday &ndash; only business days).</span></p>\r\n	</li>\r\n	<li dir=\"ltr\">\r\n	<p dir=\"ltr\"><span style=\"font-size:14px\">Due to a software/system issue, it might happen that the dates mentioned in the Loan Status are late by 3-4 days.</span></p>\r\n	</li>\r\n	<li dir=\"ltr\">\r\n	<p dir=\"ltr\"><span style=\"font-size:14px\">To get the TDS Return, the reference customer has to submit all the details/documents asked in their portal. Note: The TDS Return will be given starting from the financial year in which all the details/documents are submitted. The TDS Return won&rsquo;t be provided for the financial year(s) that are prior to the financial year in which the details/documents were submitted.</span></p>\r\n	</li>\r\n	<li dir=\"ltr\">\r\n	<p dir=\"ltr\"><span style=\"font-size:14px\">The general criteria to apply for a personal loan by a salaried individual are &ndash; Min. Age: 21 years; Min. Salary: Rs.15,000/month (credited in the bank account); Salary Slips available; and Job Stability proof available. Final loan approval completely depends on the customer profile and the bank&rsquo;s rules and criteria.</span></p>\r\n	</li>\r\n	<li dir=\"ltr\">\r\n	<p dir=\"ltr\"><span style=\"font-size:14px\">&nbsp;The general criteria to apply for a personal loan by a self-employed individual are &ndash; Min. Age: 21 years; IT Returns available (min. 1 year); Business Stability proof available; and Current Account in a bank. Final loan approval completely depends on the customer profile and the bank&rsquo;s rules and criteria.</span></p>\r\n	</li>\r\n	<li dir=\"ltr\">\r\n	<p dir=\"ltr\"><span style=\"font-size:14px\">The general criteria to apply for a business loan by a small business person are &ndash; Min. Age: 21 years; IT Returns available (min. 1 year); and Business Stability proof available (min. 1 year). Final loan approval completely depends on the customer profile and the bank&rsquo;s rules and criteria.</span></p>\r\n	</li>\r\n	<li dir=\"ltr\">\r\n	<p dir=\"ltr\"><span style=\"font-size:14px\">The general criteria to apply for a business loan by an audited report business person are &ndash; Min. Age: 21 years; Min. Rs.1 Crore+ Yearly Turnover; and Min. 2 Years Audited Report. Final loan approval completely depends on the customer profile and the bank&rsquo;s rules and criteria.</span></p>\r\n	</li>\r\n	<li dir=\"ltr\">\r\n	<p dir=\"ltr\"><span style=\"font-size:14px\">&nbsp;The eligible age for buying a Subscription is 18 - 62 years. The persons in this age bracket can avail benefits of the Subscription offered by the company. The company only offers Subscription and provides its benefits to the customers. The final loan approval depends on the customer profile and the bank&rsquo;s rules and criteria.</span></p>\r\n	</li>\r\n	<li dir=\"ltr\">\r\n	<p dir=\"ltr\"><span style=\"font-size:14px\">For the Reference Customers who have given customer referrals to the company, it would be compulsory for them to submit their Payout Documents to the company within 30 days. If not submitted, all the payouts of the Reference Customers will be automatically cancelled. To get the cancelled payout, you can contact the company and discuss it.</span></p>\r\n	</li>\r\n	<li dir=\"ltr\">\r\n	<p dir=\"ltr\"><span style=\"font-size:14px\">&nbsp;Any information/flow/system regarding our website shown in the videos posted on social media (or any platform) may be inaccurate, outdated, or different from our actual website. Only the most updated version of the website, terms &amp; conditions, and other policies shall be valid.</span></p>\r\n	</li>\r\n	<li dir=\"ltr\">\r\n	<p dir=\"ltr\"><span style=\"font-size:14px\">The banks&rsquo; logos used in our ads, social media posts, blogs, emails, or any other medium is for promotional purposes only. The process will be done in that bank only under whose criteria the customer profile gets matched. The final loan approval and final loan process completely depend on the customer profile and the bank&rsquo;s criteria and rules and regulations.</span></p>\r\n	</li>\r\n	<li dir=\"ltr\">\r\n	<p dir=\"ltr\"><span style=\"font-size:14px\">The banks&rsquo; logos shown on our website and the pre-approved offer displayed on our website are tentative only. The process will be done in that bank only under whose criteria the customer profile gets matched. The final loan approval and final loan process completely depend on the customer profile and the bank&rsquo;s criteria and rules and regulations.</span></p>\r\n	</li>\r\n	<li dir=\"ltr\">\r\n	<p dir=\"ltr\"><span style=\"font-size:14px\">By purchasing the company&rsquo;s Subscription, the customer is applying to get the company&rsquo;s services. All the benefits of the Subscription will be given to the customer by the company.</span></p>\r\n	</li>\r\n	<li dir=\"ltr\">\r\n	<p dir=\"ltr\"><span style=\"font-size:14px\">If any customer data &amp; information, KYC documents, or OTP is misused in future by any third-party, our company and its directors, employees, or any individuals associated with the company cannot be held responsible for the same in any matter whatsoever including any loss, harm, or damage due to the usage of information from the portal. Customers are advised to bring in their own discretion in such matters. The information provided on the website is of financial nature. It is a mutual understanding that customers association with the website will be at the customer&#39;s will, preference and risk.</span></p>\r\n	</li>\r\n	<li dir=\"ltr\">\r\n	<p dir=\"ltr\"><span style=\"font-size:14px\">If any customer&rsquo;s documents are found to be fraud by the bank/financial institution or there&rsquo;s any sort of an issue with any customer&rsquo;s repayment of the loan to the banks/financial institution &ndash; then these matters have to be solely between the customer and the bank/financial institution. Our company and its directors, employees, or any other individual associated with the company cannot be held responsible in such cases. If the customer documents are found to be fake and fraud and are used anywhere for any purpose, the company cannot be held responsible for the same.</span></p>\r\n	</li>\r\n	<li dir=\"ltr\">\r\n	<p dir=\"ltr\"><span style=\"font-size:14px\">&nbsp;If any third-party gets a loan approved on someone else&rsquo;s identity and documents, then our company and its directors, employees, or any other individual associated with the company cannot be held responsible.</span></p>\r\n	</li>\r\n	<li dir=\"ltr\">\r\n	<p dir=\"ltr\"><span style=\"font-size:14px\">If any of the company&rsquo;s customers or any third-party wants a legal course, action and proceedings with the company, then only the company&rsquo;s legal team can be involved. There will absolutely be no involvement of the company&rsquo;s directors, any other individual associated with the company, or employees in any legal proceeding. For any legal action or proceeding involving our company, {#VAR_CITY#}, India, shall remain the only jurisdiction.</span></p>\r\n	</li>\r\n	<li dir=\"ltr\">\r\n	<p dir=\"ltr\"><span style=\"font-size:14px\">TDS will be given only to the ones whose referral payout has been generated. If your TDS is deducted, you can contact your CA. If your TDS has been deducted and it&rsquo;s not showing, then you can contact the company&rsquo;s customer care number between 10 AM to 5 PM &ndash; Monday to Saturday (only business days).</span></p>\r\n	</li>\r\n	<li dir=\"ltr\">\r\n	<p dir=\"ltr\"><span style=\"font-size:14px\">&nbsp;If any person enters incorrect information and starts the loan process on our website, and if this leads to any sort of fraud in future, the company, its directors, employees, any other individual associated with the company cannot be held responsible for the same.</span></p>\r\n	</li>\r\n	<li dir=\"ltr\">\r\n	<p dir=\"ltr\"><span style=\"font-size:14px\">The pre-approved loan offers shown are from those banks/NBFCs that have eligibility criteria to which the customer&rsquo;s profile matches (profile evaluated as per the information entered by the customer). These pre-approved loan offers are tentative only &ndash; the final loan approval, loan sanction, and disbursement depend on the NBFC(s) and their rules and regulations. The company will only log in the customer&rsquo;s file in those NBFCs with which the company has tie-ups/partnerships/collaborations and where the customer&rsquo;s profile matches the NBFC eligibility criteria.</span></p>\r\n	</li>\r\n	<li dir=\"ltr\">\r\n	<p dir=\"ltr\"><span style=\"font-size:14px\">Our company&rsquo;s services are strictly for the residents of India only &ndash; not for the non-residents. If any non-resident purchases our Subscription, they can request for a refund as per the company&rsquo;s Cancellation &amp; Refund Policy.</span></p>\r\n	</li>\r\n	<li dir=\"ltr\">\r\n	<p dir=\"ltr\"><span style=\"font-size:14px\">In case a customer has mistakenly made more than a single payment, the customer will be eligible to get a refund. The customer will have to request a refund within 48 hours of the payment through the Raising A Request section of the website or by calling on the company&rsquo;s registered contact number.</span></p>\r\n	</li>\r\n	<li dir=\"ltr\">\r\n	<p dir=\"ltr\"><span style=\"font-size:14px\">In case a customer has bought Subscriptions from multiple companies that belong to our group of companies, the customer will be eligible to get a refund. The customer will have to request a refund within 48 hours of the payment through the Raising A Request section of the website or by calling on the company&rsquo;s registered contact number.</span></p>\r\n	</li>\r\n</ol>\r\n\r\n<p dir=\"ltr\">&nbsp;</p>\r\n\r\n<h3 dir=\"ltr\"><span style=\"font-size:18px\"><strong>PRE-APPROVAL LOAN OFFER TERMS AND CONDITIONS:</strong></span></h3>\r\n\r\n<p dir=\"ltr\"><span style=\"font-size:14px\">The Pre-Approved Loan Offer and the amount mentioned in it are solely shown based on the software calculation done on Monthly Income and Current Monthly EMI entered by the person. This &quot;Pre-Approved Loan Offer&quot; is tentative and not the final loan approval (this is already mentioned on the Pre-Approved loan Offer page) &ndash; as the final loan approval is given by the bank only; based on the bank&rsquo;s rules and regulations and the customer profile. And this is clearly stated in the company&rsquo;s Terms &amp; Conditions which is agreed by the person before registration.</span></p>\r\n\r\n<p dir=\"ltr\">&nbsp;</p>\r\n\r\n<p dir=\"ltr\"><span style=\"font-size:18px\"><strong>Here&#39;s an example to know how the &lsquo;Pre-Approved Loan Offer&rsquo; is shown:</strong></span><br />\r\n<br />\r\n<span style=\"font-size:14px\">Consider that a person (named &lsquo;Rajesh&rsquo;) enters the following details in our website:<br />\r\nMonthly Income: Rs.1,00,000<br />\r\nCurrent Monthly EMI: Rs.30,000</span></p>\r\n\r\n<p dir=\"ltr\"><span style=\"font-size:14px\">Based on these details, Rajesh is left with Rs.70,000 in hand (deducting current EMI) every month. So, according to the general rules of the banks, the EMI of 50% of the in-hand amount can be approved. So, the loan amount that allows a maximum of Rs.35,000 (70,000/2) EMI can be approved. And based on the EMI and rate of interest (11% tentatively), the eligible amount is shown in the Pre-Approved Loan Offer. And based on this Rs.1903/lakh EMI is shown.</span></p>\r\n\r\n<p dir=\"ltr\">&nbsp;</p>\r\n\r\n<h3 dir=\"ltr\"><span style=\"font-size:18px\"><strong>CANDIDATE TERMS AND CONDITIONS</strong></span></h3>\r\n\r\n<ol>\r\n	<li dir=\"ltr\">\r\n	<p dir=\"ltr\"><span style=\"font-size:14px\">The interview time is fixed.</span></p>\r\n	</li>\r\n	<li dir=\"ltr\">\r\n	<p dir=\"ltr\"><span style=\"font-size:14px\">The interview can&#39;t be taken any other time than the time decided by the company.</span></p>\r\n	</li>\r\n	<li dir=\"ltr\">\r\n	<p dir=\"ltr\"><span style=\"font-size:14px\">&nbsp;The Company can ask any questions in the interview.</span></p>\r\n	</li>\r\n	<li dir=\"ltr\">\r\n	<p dir=\"ltr\"><span style=\"font-size:14px\">The candidate will have to appear for the interview as many times as the company asks.</span></p>\r\n	</li>\r\n	<li dir=\"ltr\">\r\n	<p dir=\"ltr\"><span style=\"font-size:14px\">A resume (Xerox) will be mandatory for the interview. The resume will not be returned. There will be no misuse of the resume.</span></p>\r\n	</li>\r\n</ol>\r\n\r\n<h3 dir=\"ltr\">&nbsp;</h3>\r\n\r\n<h3 dir=\"ltr\"><span style=\"font-size:18px\"><strong>USAGE OF COOKIES / COOKIES POLICY</strong></span></h3>\r\n\r\n<p dir=\"ltr\"><span style=\"font-size:14px\">Cookies are small files that a site or its service provider transfers to your computer&#39;s hard drive through your web browser with your permission which enables the site or service provider&#39;s systems to recognize your browser and capture and remember certain information. We use cookies to help us understand and save your preferences for future visits, keep track of advertisements and compile aggregate data about site traffic and site interaction so that we can offer better site experiences and tools in the future.</span></p>\r\n\r\n<p dir=\"ltr\"><span style=\"font-size:14px\">The user, customer, or any other person accessing our website clearly expresses and agrees that they have fully read and understood the Terms &amp; Conditions and Privacy Policy of Right Borrow &ndash; and they accept them unconditionally.</span></p>', '2024-01-26 12:27:05', 1);
INSERT INTO `info_pages` (`id`, `slug`, `content`, `rec_date`, `status`) VALUES
(3, 'disclaimer', '<p dir=\"ltr\"><span style=\"font-size:14px\">Right Borrow and its customers and employees use and present www.rightborrow.com (the &ldquo;Website&rdquo;) for personal and informational purposes only. In addition, we further expressly disclaim any warranties or representations (expressed or implied) in respect of quality, suitability, accuracy, reliability, completeness, timeliness, performance for a particular purpose or legality of the services listed or displayed or transacted or the content on the website. You must not perceive and construe any such information or other material as legal, tax, investment, financial, or other advice. You completely acknowledge and undertake that you are accessing the services on the Right Borrow website and transacting at your own risk only and are using your best and prudent judgement before entering into and making any transactions through the website. You alone assume the sole responsibility of evaluating the merits and risks associated with the use of any information or other Content contained on the Right Borrow Website before making any decisions based on such information or other Content.</span></p>\r\n\r\n<p dir=\"ltr\"><span style=\"font-size:14px\">Nothing contained on our Website constitutes a solicitation, recommendation, endorsement, or offer by Right Borrow to buy or sell any securities or other financial instruments in this or in any other jurisdiction in which such solicitation or offer would be unlawful under the securities laws of such jurisdiction. You further acknowledge that at no time shall any right, title or interest in the services sold through or displayed on the website vest with Right Borrow, nor shall Right Borrow have any obligations or liabilities in respect of any transactions on the website.</span></p>\r\n\r\n<p dir=\"ltr\"><span style=\"font-size:14px\">After you enter your details on our website for any purpose, the company takes no responsibility in case you come across instances of data misusage of any form.</span></p>', '2024-01-26 12:27:54', 1),
(4, 'refund-policy', '<p dir=\"ltr\"><span style=\"font-size:18px\"><strong>We believe in prioritizing customer satisfaction above all!</strong></span><br />\r\n&nbsp;</p>\r\n\r\n<p dir=\"ltr\"><span style=\"font-size:18px\"><strong>Under what circumstances is the Right Borrow Subscription Plan fee refundable?</strong></span></p>\r\n\r\n<p dir=\"ltr\"><span style=\"font-size:14px\">&middot; A customer can be eligible for a refund if an e-mail requesting a refund is done by the customer (with the registered email id) to {#VAR_EMAIL ID#} within 30 days of purchasing the Subscription Plan. The refund will be received by the customer (if eligible for a refund) within 24 to 48 hours of receiving the mail.</span></p>\r\n\r\n<p dir=\"ltr\"><span style=\"font-size:14px\">&middot; There are certain areas/locations in which our company does not provide its services. If any person who has bought the Subscription Plan and belongs to such areas/locations can apply for a refund within 30 days of purchasing the Subscription Plan. To know the areas where our company does not provide services, please call on +91-{#VAR#}.</span></p>\r\n\r\n<p dir=\"ltr\"><span style=\"font-size:14px\">&middot; A customer might get a refund of the Subscription Plan fee if the company hasn&rsquo;t started the &lsquo;Customer Service Initiation&rsquo; (explained below) within 48 hours of the payment and a request for the same has been raised through Raise A Request within 30 days of the payment.</span></p>\r\n\r\n<p dir=\"ltr\"><span style=\"font-size:14px\">&middot; If the customer is unable to communicate with the company in English, Hindi, or Gujarati, they can apply for a refund within 30 days of purchasing the Subscription Plan.</span></p>\r\n\r\n<p>&nbsp;</p>\r\n\r\n<p dir=\"ltr\"><span style=\"font-size:18px\"><strong>What does Customer Service Initiation mean?</strong></span></p>\r\n\r\n<p dir=\"ltr\"><span style=\"font-size:14px\">It is the first process done by the company that includes calling the customer for verification within 24-48 hours of the Subscription Plan payment. Even if the customer does not respond to the verification call, the Customer Service Initiation is considered as started and the update has been shown in the customer portal.</span></p>\r\n\r\n<p dir=\"ltr\">&nbsp;</p>\r\n\r\n<p dir=\"ltr\"><span style=\"font-size:14px\">If you have any questions about our Cancellation and Refund Policy, please contact us between 10 am - 5 pm (only business days):</span></p>\r\n\r\n<p><span style=\"font-size:14px\">● By email: {#VAR_EMAIL ID#}<br />\r\n● By call: +91-{#VAR#} </span></p>', '2024-01-26 12:27:54', 1),
(5, 'welcome-message', '<h1 dir=\"ltr\">&nbsp;</h1>\r\n\r\n<h4 dir=\"ltr\" style=\"text-align:center\"><span style=\"font-size:16px\"><strong>Happy Ganesh Visarjan</strong></span></h4>\r\n\r\n<h4 dir=\"ltr\" style=\"text-align:center\"><br />\r\n<span style=\"font-size:14px\">Hello, Our Office will Remain closed on 06/09/2025 due to Ganesh Visarjan&nbsp;Thanks, easyailoans</span></h4>', '2024-02-23 06:00:52', 2),
(6, 'account-message', '<p style=\"text-align:center\"><strong>Happy Holi</strong><strong> </strong><br />\r\nHello, our Office will remain closed on 14/03/2025 due to Holi Thanks,easyailoans</p>', '2024-02-23 06:50:30', 1),
(7, 'sa_facebookdomain', '#', '2024-02-23 07:10:20', 1),
(8, 'sa_facebookpixelkey', '#', '2024-02-23 07:10:20', 1),
(9, 'sa_facebookaccesstoken', '#', '2024-02-23 07:10:45', 1),
(10, 'sa_facebookeventname', '#', '2024-02-23 07:11:04', 1),
(11, 'sa_facebookeventid', '#', '2024-02-23 07:11:19', 1),
(12, 'la_facebookdomain', '#', '2024-11-21 08:37:01', 1),
(13, 'la_facebookpixelkey', '#', '2024-11-21 08:37:01', 1),
(14, 'la_facebookaccesstoken', '#', '2024-11-21 08:37:01', 1),
(15, 'la_facebookeventname', '#', '2024-11-21 08:37:01', 1),
(16, 'la_facebookeventid', '#', '2024-11-21 08:37:01', 1),
(17, 'sa-wp-remarketing', '#', '2025-02-27 20:11:42', 1),
(18, 'sa-wp-getoffer', '#', '2025-02-27 20:11:42', 1),
(19, 'sa-wp-payment-success', '#', '2025-02-27 20:11:42', 1),
(20, 'sa-wp-username-password', '#', '2025-02-27 20:11:42', 1),
(21, 'la-wp-remarketing', '#', '2025-02-27 20:11:42', 1),
(22, 'la-wp-getoffer', '#', '2025-02-27 20:11:42', 1),
(23, 'la-wp-payment-success', '#', '2025-02-27 20:11:42', 1),
(24, 'la-wp-username-password', '#', '2025-02-27 20:11:42', 1),
(25, 'self-apply', NULL, '2025-03-13 22:20:08', 1),
(26, 'loan-agent', NULL, '2025-03-13 22:20:08', 1),
(27, 'sa-senderid', '#', '2025-05-21 20:29:37', 1),
(28, 'la-senderid', '#', '2025-05-21 20:29:37', 1),
(29, 'common-senderid', '#', '2025-05-21 20:31:39', 1),
(30, 'sa-senderid-otp', '#', '2025-05-21 20:29:37', 1),
(31, 'la-senderid-otp', '#', '2025-05-21 20:29:37', 1),
(32, 'lat-senderid', '#', '2025-07-24 09:49:41', 1),
(33, 'lat-senderid-otp', '#', '2025-07-24 09:49:41', 1),
(34, 'lat_facebookdomain', '#', '2025-08-02 10:51:01', 1),
(35, 'lat_facebookpixelkey', '#', '2025-08-02 10:50:51', 1),
(36, 'lat_facebookaccesstoken', '#', '2025-08-02 10:51:50', 1),
(37, 'lat_facebookeventname', '#', '2025-08-02 10:52:00', 1),
(38, 'lat_facebookeventid', '#', '2025-08-02 10:53:20', 1);

-- --------------------------------------------------------

--
-- Table structure for table `interakt_settings`
--

DROP TABLE IF EXISTS `interakt_settings`;
CREATE TABLE IF NOT EXISTS `interakt_settings` (
  `id` int NOT NULL AUTO_INCREMENT,
  `rec_date` datetime NOT NULL DEFAULT CURRENT_TIMESTAMP,
  `product` varchar(255) COLLATE utf8mb4_unicode_ci NOT NULL COMMENT 'SA, LA',
  `type` varchar(199) COLLATE utf8mb4_unicode_ci NOT NULL COMMENT 'remarketing, getoffer, pgsuccess,pgfailed',
  `template_name` varchar(255) COLLATE utf8mb4_unicode_ci DEFAULT NULL,
  `img_url` text COLLATE utf8mb4_unicode_ci,
  `api_key` text COLLATE utf8mb4_unicode_ci NOT NULL,
  PRIMARY KEY (`id`)
) ENGINE=InnoDB AUTO_INCREMENT=8 DEFAULT CHARSET=utf8mb4 COLLATE=utf8mb4_unicode_ci;

--
-- Dumping data for table `interakt_settings`
--

INSERT INTO `interakt_settings` (`id`, `rec_date`, `product`, `type`, `template_name`, `img_url`, `api_key`) VALUES
(1, '2025-06-24 18:09:01', 'SA', 'remarketing', '#', '#', '#'),
(2, '2025-06-24 18:09:01', 'LA', 'remarketing', '#', '#', '#'),
(3, '2025-06-24 18:13:32', 'SA', 'getoffer', '#', '#', '#'),
(4, '2025-06-24 18:14:15', 'LA', 'getoffer', '#', '#', '#'),
(5, '2025-07-18 20:59:04', 'SA', 'blog', '#', '#', '#'),
(6, '2025-07-24 18:24:58', 'LAT', 'getoffer', '#', '#', '#'),
(7, '2025-08-07 18:28:24', 'LAT', 'remarketing', '#', '#', '#');

-- --------------------------------------------------------

--
-- Table structure for table `invoices`
--

DROP TABLE IF EXISTS `invoices`;
CREATE TABLE IF NOT EXISTS `invoices` (
  `id` int NOT NULL AUTO_INCREMENT,
  `rec_date` datetime NOT NULL,
  `userid` int NOT NULL,
  `cardid` int NOT NULL,
  `inv_prefix` varchar(55) DEFAULT NULL,
  `inv_number` int DEFAULT NULL,
  `inv_date` date NOT NULL,
  `inv_price` double NOT NULL DEFAULT '0',
  `inv_cgst` double NOT NULL DEFAULT '0',
  `inv_sgst` double NOT NULL DEFAULT '0',
  `inv_igst` double NOT NULL DEFAULT '0',
  `inv_grandtotal` double NOT NULL DEFAULT '0',
  `remarks` longtext,
  `is_refund` tinyint NOT NULL DEFAULT '0' COMMENT '0=not, 1=refund',
  `isdelete` tinyint NOT NULL DEFAULT '0' COMMENT '0=active,1=delete',
  PRIMARY KEY (`id`)
) ENGINE=InnoDB DEFAULT CHARSET=utf8mb4 COLLATE=utf8mb4_0900_ai_ci;

-- --------------------------------------------------------

--
-- Table structure for table `jobs`
--

DROP TABLE IF EXISTS `jobs`;
CREATE TABLE IF NOT EXISTS `jobs` (
  `id` bigint UNSIGNED NOT NULL AUTO_INCREMENT,
  `queue` varchar(191) COLLATE utf8mb4_unicode_ci NOT NULL,
  `payload` longtext COLLATE utf8mb4_unicode_ci NOT NULL,
  `attempts` tinyint UNSIGNED NOT NULL,
  `reserved_at` int UNSIGNED DEFAULT NULL,
  `available_at` int UNSIGNED NOT NULL,
  `created_at` int UNSIGNED NOT NULL,
  PRIMARY KEY (`id`),
  KEY `jobs_queue_index` (`queue`)
) ENGINE=InnoDB DEFAULT CHARSET=utf8mb4 COLLATE=utf8mb4_unicode_ci;

-- --------------------------------------------------------

--
-- Table structure for table `loanstatus`
--

DROP TABLE IF EXISTS `loanstatus`;
CREATE TABLE IF NOT EXISTS `loanstatus` (
  `id` int NOT NULL AUTO_INCREMENT,
  `rec_date` datetime NOT NULL DEFAULT CURRENT_TIMESTAMP,
  `statusname` varchar(256) NOT NULL,
  `priorityno` int NOT NULL DEFAULT '1',
  `colorclass` varchar(50) NOT NULL,
  `isDelete` int NOT NULL DEFAULT '0' COMMENT '0=No, 1=Yes',
  PRIMARY KEY (`id`)
) ENGINE=InnoDB AUTO_INCREMENT=12 DEFAULT CHARSET=utf8mb4 COLLATE=utf8mb4_0900_ai_ci;

--
-- Dumping data for table `loanstatus`
--

INSERT INTO `loanstatus` (`id`, `rec_date`, `statusname`, `priorityno`, `colorclass`, `isDelete`) VALUES
(1, '2020-10-13 19:30:40', 'Approved', 2, 'success', 0),
(2, '2020-10-13 19:30:40', 'Rejected', 3, 'danger', 0),
(3, '2020-10-13 19:30:40', 'In Process', 1, 'info', 0),
(4, '2021-08-28 08:03:33', 'Query Process', 4, 'warning', 0),
(5, '2021-10-29 05:37:03', 'File Reopen', 5, 'info', 0),
(6, '2022-06-03 09:50:19', 'Verification', 1, 'success', 0),
(7, '2025-05-19 14:00:40', 'Service Calls', 1, 'info', 0),
(8, '2025-05-19 14:00:40', 'Initiated Calls', 1, 'primary', 0),
(9, '2025-05-19 14:00:51', 'Other Calls', 1, 'warning', 0),
(10, '2025-05-19 14:01:49', 'Closed', 1, 'danger', 0),
(11, '2025-07-18 15:04:21', 'Account Closed', 1, 'danger', 0);

-- --------------------------------------------------------

--
-- Table structure for table `loanstatus_remarks`
--

DROP TABLE IF EXISTS `loanstatus_remarks`;
CREATE TABLE IF NOT EXISTS `loanstatus_remarks` (
  `id` int NOT NULL AUTO_INCREMENT,
  `rec_date` datetime NOT NULL DEFAULT CURRENT_TIMESTAMP,
  `title` varchar(256) NOT NULL,
  `remarks` longtext NOT NULL,
  `statusid` int NOT NULL DEFAULT '0',
  `isDelete` tinyint NOT NULL DEFAULT '0',
  PRIMARY KEY (`id`)
) ENGINE=InnoDB AUTO_INCREMENT=27 DEFAULT CHARSET=utf8mb4 COLLATE=utf8mb4_0900_ai_ci;

--
-- Dumping data for table `loanstatus_remarks`
--

INSERT INTO `loanstatus_remarks` (`id`, `rec_date`, `title`, `remarks`, `statusid`, `isDelete`) VALUES
(1, '2025-05-19 14:04:13', 'Other Calls', '<p>Dear Customer,&nbsp;</p>\r\n\r\n<p>We deeply thank you for calling us and letting us offer our services to you!&nbsp;</p>\r\n\r\n<p>We hope you will follow the guidance offered by our Loan Agent and apply for a personal loan seamlessly!&nbsp;</p>\r\n\r\n<p>In case you need any further assistance, please reach out to your Consultant by calling on {var_consultant_number} from Monday-Saturday (between 10 am to 5 pm &ndash; only business days).&nbsp;</p>\r\n\r\n<p>&nbsp;</p>\r\n\r\n<p>Thanks,&nbsp;<br />\r\neasyailoans</p>\r\n', 0, 0),
(2, '2026-03-26 15:29:18', 'Customer Initiated Call', 'Dear Customer,\r\n\r\nThank you for contacting EasyAILoans and giving us the opportunity to assist you.\r\n\r\nWe hope the information and guidance provided by our consultant will help you move forward smoothly with your loan application.\r\n\r\nIf you have any further questions, please contact your consultant at +91-9983933307 between 10:00 AM and 5:00 PM (Monday to Saturday – Business Days Only).\r\n\r\nThank you,\r\n EasyAILoans', 8, 0),
(3, '2026-03-26 15:42:15', 'Consultation Provided', 'Dear Customer,\r\n\r\nThank you for taking the time to speak with our loan consultant.\r\n\r\nWe hope the guidance shared during the conversation will assist you in proceeding smoothly with your loan application process.\r\n\r\nIf you require any additional assistance, please feel free to contact your consultant at +91-9983933307 between 10:00 AM and 5:00 PM (Monday to Saturday – Business Days Only).\r\n\r\nThank you,\r\n EasyAILoans', 7, 0),
(4, '2026-03-26 15:30:42', 'Call Back Later', 'Dear Customer,\r\n\r\nOur loan consultant attempted to connect with you today as part of the service process. As you mentioned that you were unavailable at the time and requested a callback, we have scheduled a follow-up call as per your preferred availability.\r\n\r\nWe look forward to assisting you further.\r\n\r\nIf you have any questions in the meantime, you may contact your consultant at +91-9983933307 between 10:00 AM and 5:00 PM (Monday to Saturday – Business Days Only).\r\n\r\nThank you,\r\n EasyAILoans', 9, 0),
(5, '2026-03-26 15:30:58', 'Language Issue', 'Dear Customer,\r\n\r\nOur loan consultant attempted to contact you as part of the service process; however, the discussion could not continue due to communication or language difficulties.\r\n\r\nWe request that a trusted person or representative contact us on your behalf within 24–48 hours at +91-9983933307, between 10:00 AM and 5:00 PM (Monday to Saturday – Business Days Only).', 9, 0),
(6, '2025-05-19 14:11:14', 'Not Interested / Do Not Disturb', '<p>Dear Customer,&nbsp;</p>\r\n\r\n<p>Greetings from easyailoans!&nbsp;</p>\r\n\r\n<p>As part of our service, our Loan Agent called you today, but you conveyed to us that you are not very much interested in taking our services and don&rsquo;t want us to disturb you.&nbsp;</p>\r\n\r\n<p>Though we acknowledge that you don&rsquo;t want us to call you to offer our services, it would have been great for us if we were given the opportunity to serve you!&nbsp;</p>\r\n\r\n<p>Nevertheless, in case you have a query, you can easily reach out to your Consultant by calling on {var_consultant_number} from Monday-Saturday (between 10 am to 5 pm &ndash; only business days).&nbsp;</p>\r\n\r\n<p>&nbsp;</p>\r\n\r\n<p>Thanks,&nbsp;<br />\r\neasyailoans</p>\r\n', 7, 0),
(7, '2025-05-19 14:11:14', 'Login Process Done (by customer)', '<p>Dear Customer,&nbsp;</p>\r\n\r\n<p>It was amazing conversing with you!&nbsp;</p>\r\n\r\n<p>We always take pride in offering effective services to our customers! Hence, we&rsquo;re super-glad today that with the help of our consultation and guidance, you were able to apply for a loan in our affiliated NBFC(s)!&nbsp;</p>\r\n\r\n<p>We look forward to serving you even further.&nbsp;</p>\r\n\r\n<p>In case you have a query, you can easily reach out to your Consultant by calling on {var_consultant_number} from Monday-Saturday (between 10 am to 5 pm &ndash; only business days).&nbsp;</p>\r\n\r\n<p>&nbsp;</p>\r\n\r\n<p>Thanks,<br />\r\neasyailoans</p>', 7, 0),
(8, '2026-03-26 15:36:50', 'No Reply / Not Reachable', 'Dear Customer,\r\n\r\nOur loan consultant attempted to reach you; however, your phone number was either switched off or not reachable at the time.\r\n\r\nKindly contact your consultant at +91-9983933307 between 10:00 AM and 5:00 PM (Monday to Saturday – Business Days Only) so that we can continue assisting you.\r\n\r\nThank you,\r\n EasyAILoans', 9, 0),
(9, '2025-05-20 13:16:04', 'Creditworthiness Improvement Guidelines pdf sent.', '<p>Creditworthiness Improvement Guidelines pdf sent.</p>', 0, 0),
(10, '2026-03-26 15:41:50', 'Pleasure Serving You!', '<p>Dear Customer, We hope our services guided you well. If you\'ve any queries, kindly call on 9983933307 Monday-Saturday between 10 am - 5 pm on business days. Thanks, easyailoans</p>', 10, 0),
(11, '2026-03-26 15:42:35', 'Looking forward to serving you!', '<p>Dear Customer, it would have been great if you would have given us the opportunity to serve you. Nevertheless, we really hope you will avail our services in future. If you\'ve any queries, kindly call on 9983933307Monday-Saturday between 10 am - 5 pm on business days. Thanks, easyailoans</p>', 10, 0),
(12, '2025-07-18 15:09:04', 'Successful Customer Verification', '<p>Dear Customer,\nIt was great speaking with you!\n\nWe’re glad to inform you that you’ve successfully inched closer towards making the most of our services!\n\nWe really wish our services help you abundantly!\n\nThanks,\neasyailoans</p>', 6, 0),
(13, '2026-03-26 15:43:48', 'Login Process Done (by customer)', 'Dear Customer,\r\n\r\nIt was a pleasure speaking with you.\r\n\r\nWe are glad to have assisted you with the consultation and application process through our partnered lending institutions. Thank you for choosing our platform.\r\n\r\nIf you require any further assistance, please feel free to contact your consultant at +91-{#VAR#} between 10:00 AM and 5:00 PM (Monday to Saturday – Business Days Only).\r\n\r\nThank you,\r\n EasyAILoans', 6, 0),
(14, '2026-03-26 15:41:07', 'Customer Initiated Call', '<p>Dear Customer,\r\nThanks for calling us and allowing us to serve you!\r\n\r\nWe hope you will follow the guidance offered by our Loan Expert and apply for a personal loan seamlessly!\r\n\r\nIn case you need any further assistance, please reach out to our Loan Expert by calling on +91 9983933307 from Monday-Saturday (between 10 am to 5 pm – only business days).\r\n\r\nThanks,\r\neasyailoans</p>', 6, 0),
(15, '2025-07-18 16:25:25', 'Documents Pending. Kindly Submit.', '<p>Dear Customer,</p>\n<p>Hope you’re doing well.</p>\n \n<p>As per our previous conversation, you requested us to login your file to apply for a loan – for which you were to share the required documents with us.</p>\n \n<p>We request you to share the required documents at the earliest (preferably within 3 days) so that we can take your loan application forward.</p>\n \n<p>Please share the documents through WhatsApp on {var_consultant_number}.</p>\n \n<p>Thanks,\neasyailoans</p>', 9, 0),
(16, '2025-07-18 16:35:30', 'Service Provision Period Ends', '<p>Dear Customer,\r\n\r\nIt would have been great if you had given us the opportunity to serve you.\r\n\r\nNevertheless, we really hope you will avail our services in future.\r\n\r\nIf you\'ve any queries, kindly call on 9724206519 Monday-Saturday between 10 am - 5 pm on business days.\r\n\r\nThanks,\r\neasyailoans</p>', 11, 0),
(17, '2025-07-18 16:38:39', 'Consultation Provided To Customer', '<p>Dear Customer,\r\nIt was great speaking to you!\r\n\r\nWe hope you will follow the guidance offered by our Loan Expert and apply for a personal loan seamlessly!\r\n\r\nIn case you need any further assistance, please reach out to our Loan Expert by calling on +91 97242 06519 from Monday-Saturday (between 10 am to 5 pm – only business days).\r\n\r\nThanks,\r\neasyailoans</p>', 11, 0),
(18, '2026-03-26 15:25:40', 'Customer Not Interested / Do Not Disturb Conveyed by Customer', 'Dear Customer,\r\n\r\nGreetings from EasyAILoans.\r\n\r\nOur loan consultant contacted you as part of our service process, and we understand that you are currently not interested in proceeding or receiving further communication.\r\n\r\nWe respect your preference. However, if you require assistance or wish to explore our services in the future, you may contact your consultant at +91-9983933307 between 10:00 AM and 5:00 PM (Monday to Saturday – Business Days Only).\r\n\r\nThank you,\r\n EasyAILoans', 11, 0),
(19, '2025-07-18 16:42:07', 'Customer Requested Call Back Later', '<p>Dear Customer,\r\nIt was so good to connect with you!\r\n\r\nOur Loan Expert called you today as part of our service. As you conveyed to us that you were busy/not able to talk at that moment, and wanted us to call you later; we would like to inform you that we have scheduled a call at your preferred time.\r\n\r\nLooking forward to assisting you very soon!\r\n\r\nIn case you have a query, you can easily reach out to our Loan Expert by calling on +91 97242 06519 from Monday-Saturday (between 10 am to 5 pm – only business days).\r\n\r\nThanks,\r\neasyailoans</p>', 11, 0),
(20, '2026-03-26 15:40:46', 'Customer Language Barrier', '<p>Dear Customer,\r\nGreetings from easyailoans!\r\n\r\nAs part of our service, our Loan Expert called you today, but things couldn’t go further as there was unclear or non-understandable communication/language from your end.\r\n\r\nNo worries! We kindly suggest you make a trusted person/third-party call on your behalf and communicate in an understandable language/manner. The call can be made on +91 9983933307 from Monday-Saturday (between 10 am to 5 pm – only business days).\r\n\r\nThanks,\r\neasyailoans</p>', 11, 0),
(21, '2026-03-26 15:40:00', 'Customer Not Answering / Customer Not Reachable', '<p>Dear Customer,\r\n\r\nOur Loan Expert tried calling you today, but it seems either you were not reachable or were not able to answer our call.\r\n\r\nDon’t worry! You can easily reach out to our Loan Expert by calling on +91 9983933307 from Monday-Saturday (between 10 am to 5 pm – only business days).\r\n\r\nThanks,\r\neasyailoans</p>', 11, 0),
(22, '2025-08-22 19:25:25', 'It’s Great To Help You!', '<p>Dear Customer,\nGreetings from easyailoans!\nWhen our valuable customers benefit from our services, we truly feel the best!\nIt was amazing serving you and we hope that in the future, you will give us the opportunity to serve you again.\nThanks,\neasyailoans</p>', 10, 0),
(23, '2025-08-22 19:25:25', 'It’s Great To Help You!', '<p>\nDear Customer,\nGreetings from easyailoans!\n \nWhen our valuable customers benefit from our services, we truly feel the best!\n \nIt was amazing serving you and we hope that in the future, you will give us the opportunity to serve you again.\n \nThanks,\neasyailoans\n</p>', 11, 0),
(24, '2026-03-26 15:31:43', 'Not Interested/Do Not Disturb', 'Dear Customer,\r\n\r\nGreetings from EasyAILoans.\r\n\r\nOur loan consultant contacted you as part of our service process, and we understand that you are currently not interested in proceeding or receiving further communication.\r\n\r\nWe respect your preference. However, if you require assistance or wish to explore our services in the future, you may contact your consultant at +91-9983933307 between 10:00 AM and 5:00 PM (Monday to Saturday – Business Days Only).\r\n\r\nThank you,\r\n EasyAILoans', 10, 0),
(25, '2026-03-26 15:31:27', 'Miss call', 'Dear Customer,\r\n\r\nWe noticed that you attempted to contact us. Thank you for reaching out to EasyAILoans.\r\n\r\nIf you still require assistance or wish to proceed with the application process, please contact your consultant at +91-9983933307 between 10:00 AM and 5:00 PM (Monday to Saturday – Business Days Only).\r\n\r\nThank you,\r\n EasyAILoans', 3, 0),
(26, '2026-03-26 15:34:00', 'Login process', 'Dear Customer,\r\n\r\nIt was a pleasure speaking with you.\r\n\r\nWe are glad to have assisted you with the consultation and application process through our partnered lending institutions. Thank you for choosing our platform.\r\n\r\nIf you require any further assistance, please feel free to contact your consultant at +91-9983933307 between 10:00 AM and 5:00 PM (Monday to Saturday – Business Days Only).\r\n\r\nThank you,\r\n EasyAILoans', 3, 1);

-- --------------------------------------------------------

--
-- Table structure for table `loan_applications`
--

DROP TABLE IF EXISTS `loan_applications`;
CREATE TABLE IF NOT EXISTS `loan_applications` (
  `id` int NOT NULL AUTO_INCREMENT,
  `rec_date` datetime NOT NULL,
  `userid` int NOT NULL DEFAULT '0',
  `loan_amount` bigint NOT NULL DEFAULT '0',
  `user_type` tinyint NOT NULL DEFAULT '0' COMMENT '0=none, 1=salaried, 2=selfemployed',
  `loan_type` tinyint NOT NULL DEFAULT '1' COMMENT '1 = personal loan, 2 = business loan',
  `monthly_income` varchar(255) NOT NULL DEFAULT '0',
  `cibilscore` int NOT NULL DEFAULT '0',
  `loan_purpose` varchar(255) NOT NULL DEFAULT 'Personal Use',
  `currentemi` bigint NOT NULL DEFAULT '0',
  `emibounce` tinyint NOT NULL DEFAULT '0' COMMENT '0=no, 1=yes',
  `application_number` varchar(99) DEFAULT NULL,
  `loantenure` int NOT NULL DEFAULT '0',
  `status` tinyint NOT NULL DEFAULT '1' COMMENT '1=New, 2=Approve, 3=Reject',
  `isDelete` tinyint NOT NULL DEFAULT '0' COMMENT '0=active, 1=delete',
  PRIMARY KEY (`id`),
  KEY `userid` (`userid`)
) ENGINE=InnoDB AUTO_INCREMENT=45 DEFAULT CHARSET=utf8mb4 COLLATE=utf8mb4_0900_ai_ci;

--
-- Dumping data for table `loan_applications`
--

INSERT INTO `loan_applications` (`id`, `rec_date`, `userid`, `loan_amount`, `user_type`, `loan_type`, `monthly_income`, `cibilscore`, `loan_purpose`, `currentemi`, `emibounce`, `application_number`, `loantenure`, `status`, `isDelete`) VALUES
(1, '2026-04-07 12:48:44', 1, 1500000, 2, 1, '50000', 0, 'Personal Use', 5000, 0, 'iMo3glIx', 0, 1, 1),
(2, '2026-03-28 11:32:29', 2, 500000, 1, 1, '30000', 0, 'Personal Use', 1500, 0, 'F4gqLRdM', 0, 1, 0),
(3, '2026-03-24 14:01:16', 3, 500000, 1, 1, '500000', 0, 'Personal Use', 8000, 0, '0XK6GTLv', 0, 1, 1),
(4, '2026-03-30 17:03:17', 4, 500000, 1, 1, '100000', 0, 'Personal Use', 10000, 0, 'WCgZjs4N', 0, 1, 0),
(5, '2026-03-27 15:40:07', 5, 500000, 2, 1, '50000', 0, 'Personal Use', 5000, 0, 'cP91BsXN', 0, 1, 0),
(6, '2026-03-27 16:30:31', 6, 500000, 2, 1, '50000', 0, 'Personal Use', 5000, 0, 'ulyxc4aI', 0, 1, 0),
(7, '2026-03-27 16:47:07', 7, 500000, 1, 1, '50000', 0, 'Personal Use', 5000, 0, 'N6sLiYn9', 0, 1, 0),
(8, '2026-03-27 16:50:19', 8, 500000, 2, 1, '50000', 0, 'Personal Use', 5000, 0, 'a4b2tM0n', 0, 1, 0),
(9, '2026-03-27 17:01:36', 9, 500000, 2, 1, '50000', 0, 'Personal Use', 5000, 0, 'WVctN941', 0, 1, 0),
(10, '2026-03-30 17:18:43', 10, 500000, 1, 1, '50000', 0, 'Personal Use', 5000, 0, 'tYoz54G0', 0, 1, 1),
(11, '2026-03-28 11:51:30', 11, 500000, 1, 1, '100000', 0, 'Personal Use', 0, 0, 'o2d9x5Sr', 0, 1, 0),
(12, '2026-03-28 17:46:58', 12, 500000, 1, 1, '12344', 0, 'Personal Use', 123, 0, '8lMvI0js', 0, 1, 0),
(13, '2026-03-30 17:25:38', 13, 500000, 1, 1, '7890', 0, 'Personal Use', 1000, 0, 'bYkTQAfw', 0, 1, 0),
(14, '2026-03-31 11:40:02', 14, 1000000, 1, 1, '50000', 0, 'Personal Use', 5000, 0, '2vKXfMwW', 0, 1, 0),
(15, '2026-03-30 17:53:54', 15, 500000, 2, 1, '50000', 0, 'Personal Use', 5000, 0, '36REv7U2', 0, 1, 1),
(16, '2026-03-30 17:32:06', 16, 500000, 1, 1, '12345', 0, 'Personal Use', 1234, 0, 'Vw8XsGrj', 0, 1, 0),
(17, '2026-03-31 11:49:29', 17, 500000, 1, 1, '20000', 0, 'Personal Use', 2000, 0, 'f83jOTg0', 0, 1, 0),
(18, '2026-04-02 17:45:41', 18, 500000, 1, 1, '123456', 0, 'Personal Use', 1234, 0, 'ndIguS1w', 0, 1, 0),
(19, '2026-04-06 15:30:34', 19, 500000, 2, 1, '5000', 0, 'Personal Use', 100, 0, 'SGgy3wqj', 0, 1, 1),
(20, '2026-04-07 11:47:40', 20, 500000, 2, 1, '500000', 0, 'Personal Use', 3444, 0, 'v9qs5baW', 0, 1, 1),
(21, '2026-04-07 12:27:13', 21, 500000, 2, 1, '25000', 0, 'Personal Use', 5323, 0, '7Fp9n4Ny', 0, 1, 1),
(22, '2026-04-07 12:48:36', 22, 500000, 2, 1, '30000', 0, 'Personal Use', 6000, 0, 'Ju43obqw', 0, 1, 1),
(23, '2026-04-07 12:50:24', 23, 500000, 1, 1, '3000000', 0, 'Personal Use', 38888, 0, 'lA8950xE', 0, 1, 1),
(24, '2026-04-08 16:31:55', 24, 500000, 1, 1, '750000', 0, 'Personal Use', 7000, 0, 'hNHwov4L', 0, 1, 1),
(25, '2026-04-09 12:48:14', 25, 500000, 1, 1, '20000', 0, 'Personal Use', 5000, 0, 'Z01I6T7W', 0, 1, 0),
(26, '2026-04-13 11:47:20', 26, 330000, 2, 1, '40000', 0, 'Personal Use', 15000, 0, 'uQ1Wx2LA', 0, 1, 0),
(27, '2026-04-10 15:16:13', 27, 500000, 2, 1, '10000', 0, 'Personal Use', 1000, 0, 'eW5kcb4V', 0, 1, 1),
(28, '2026-04-13 15:08:01', 28, 510000, 1, 1, '35500', 0, 'Personal Use', 10000, 0, '1BwsYCnR', 0, 1, 0),
(29, '2026-04-13 15:54:47', 29, 500000, 1, 1, '15000', 0, 'Personal Use', 0, 0, 'z9r5xN2m', 0, 1, 0),
(30, '2026-04-18 08:28:25', 30, 320000, 1, 1, '8000', 0, 'Personal Use', 0, 0, 'lL1eo320', 0, 1, 0),
(31, '2026-04-15 14:21:13', 31, 620000, 1, 1, '7000', 0, 'Personal Use', 89999, 0, 'KOfHIPpm', 0, 1, 1),
(32, '2026-04-15 14:37:00', 32, 500000, 3, 2, '40000', 0, 'Personal Use', 5000, 0, '7KB26I80', 0, 1, 0),
(33, '2026-04-17 11:35:12', 33, 500000, 1, 1, '5000', 0, 'Personal Use', 4000, 0, 'BAC07wnO', 0, 1, 1),
(34, '2026-04-15 15:47:54', 34, 500000, 1, 1, '4000000', 0, 'Personal Use', 2000, 0, 'Gk9KyZNA', 0, 1, 0),
(35, '2026-04-15 18:22:54', 35, 140000, 1, 1, '100000', 0, 'Personal Use', 8000, 0, 'Hkn3E989', 0, 1, 0),
(36, '2026-04-16 11:46:05', 36, 500000, 2, 1, '25000', 0, 'Personal Use', 10000, 0, '2kYToPzb', 0, 1, 0),
(37, '2026-04-17 13:18:46', 37, 600000, 2, 1, '40000', 0, 'Personal Use', 10000, 0, 'Nx98Q4iL', 0, 1, 0),
(38, '2026-04-17 13:23:48', 38, 500000, 1, 1, '40000', 0, 'Personal Use', 12000, 0, 'juh9OYmM', 0, 1, 0),
(39, '2026-04-18 12:17:06', 39, 500000, 1, 1, '1000', 0, 'Personal Use', 10000, 0, 'MrVGkbWj', 0, 1, 1),
(40, '2026-04-18 12:36:55', 40, 500000, 1, 1, '500000', 0, 'Personal Use', 4000, 0, 'OlD427uc', 0, 1, 1),
(41, '2026-04-18 12:42:37', 41, 500000, 1, 1, '500000', 0, 'Personal Use', 20000, 0, 'c65bYwL2', 0, 1, 0),
(42, '2026-04-18 15:46:12', 42, 500000, 1, 1, '11000', 0, 'Personal Use', 0, 0, '46besYPC', 0, 1, 1),
(43, '2026-04-20 15:54:27', 43, 300000, 1, 1, '15500', 0, 'Personal Use', 0, 0, 'dPNazgKU', 0, 1, 0),
(44, '2026-04-27 12:09:39', 44, 500000, 1, 1, '50000', 0, 'Personal Use', 1000, 0, 'pa2ob4SQ', 0, 1, 0);

-- --------------------------------------------------------

--
-- Table structure for table `loan_application_status`
--

DROP TABLE IF EXISTS `loan_application_status`;
CREATE TABLE IF NOT EXISTS `loan_application_status` (
  `id` int NOT NULL AUTO_INCREMENT,
  `rec_date` datetime NOT NULL DEFAULT CURRENT_TIMESTAMP,
  `applicationid` int NOT NULL,
  `statusid` int NOT NULL,
  `statusdate` date DEFAULT NULL,
  `bankid` int NOT NULL,
  `loanamount` int DEFAULT NULL,
  `loanroi` varchar(256) DEFAULT NULL,
  `loanterms` varchar(256) DEFAULT NULL,
  `processfees` int DEFAULT NULL,
  `insurance` varchar(256) DEFAULT NULL,
  `monthlyemi` int DEFAULT NULL,
  `remarks` longtext NOT NULL,
  `sanction_letter` longtext,
  `staffid` int NOT NULL,
  `isDelete` int NOT NULL DEFAULT '0' COMMENT '0=No, 1=Yes',
  PRIMARY KEY (`id`)
) ENGINE=InnoDB DEFAULT CHARSET=utf8mb4 COLLATE=utf8mb4_0900_ai_ci;

-- --------------------------------------------------------

--
-- Table structure for table `loan_applied_history`
--

DROP TABLE IF EXISTS `loan_applied_history`;
CREATE TABLE IF NOT EXISTS `loan_applied_history` (
  `id` int NOT NULL AUTO_INCREMENT,
  `rec_date` datetime NOT NULL,
  `userid` int NOT NULL,
  `bankid` int NOT NULL,
  `loan_amount` varchar(299) NOT NULL,
  `loan_tenure` varchar(255) NOT NULL,
  `loan_rate` varchar(255) NOT NULL,
  `loan_emi` varchar(255) NOT NULL,
  `isDelete` tinyint NOT NULL DEFAULT '0',
  PRIMARY KEY (`id`)
) ENGINE=MyISAM DEFAULT CHARSET=utf8mb4 COLLATE=utf8mb4_0900_ai_ci;

-- --------------------------------------------------------

--
-- Table structure for table `lyra_entry`
--

DROP TABLE IF EXISTS `lyra_entry`;
CREATE TABLE IF NOT EXISTS `lyra_entry` (
  `id` int NOT NULL AUTO_INCREMENT,
  `rec_date` datetime NOT NULL DEFAULT CURRENT_TIMESTAMP,
  `entryfor` int NOT NULL DEFAULT '0' COMMENT '1=Customer,2=Channel,11=SelfApply,12=Loan Agent, 3=LA_Offer_1,4=LA_Offer_2,5=LA_Offer_3,6=SA_Offer_1,7=SA_Offer_2,8=SA_Offer_3,9=SA_Offer_4,10=LA_Offer_4',
  `userid` int NOT NULL,
  `orderid` varchar(50) NOT NULL,
  `orderamount` float(11,2) NOT NULL,
  `ordernote` varchar(256) DEFAULT NULL,
  `transactionid` varchar(256) DEFAULT NULL,
  `statuscode` varchar(256) DEFAULT NULL,
  `paymentmode` varchar(256) DEFAULT NULL,
  PRIMARY KEY (`id`)
) ENGINE=InnoDB DEFAULT CHARSET=utf8mb4 COLLATE=utf8mb4_0900_ai_ci;

-- --------------------------------------------------------

--
-- Table structure for table `membership_orders`
--

DROP TABLE IF EXISTS `membership_orders`;
CREATE TABLE IF NOT EXISTS `membership_orders` (
  `id` int NOT NULL AUTO_INCREMENT,
  `rec_date` datetime NOT NULL DEFAULT CURRENT_TIMESTAMP,
  `userid` int NOT NULL,
  `registration_date` date DEFAULT NULL,
  `expiry_date` date DEFAULT NULL,
  `card_number` varchar(256) NOT NULL,
  `amount` float(11,2) NOT NULL,
  `paymentid` varchar(256) NOT NULL,
  `isActive` int NOT NULL DEFAULT '1',
  `isDelete` int NOT NULL DEFAULT '0',
  PRIMARY KEY (`id`)
) ENGINE=InnoDB DEFAULT CHARSET=utf8mb4 COLLATE=utf8mb4_0900_ai_ci;

-- --------------------------------------------------------

--
-- Table structure for table `migrations`
--

DROP TABLE IF EXISTS `migrations`;
CREATE TABLE IF NOT EXISTS `migrations` (
  `id` int UNSIGNED NOT NULL AUTO_INCREMENT,
  `migration` varchar(191) COLLATE utf8mb4_unicode_ci NOT NULL,
  `batch` int NOT NULL,
  PRIMARY KEY (`id`)
) ENGINE=MyISAM DEFAULT CHARSET=utf8mb4 COLLATE=utf8mb4_unicode_ci;

-- --------------------------------------------------------

--
-- Table structure for table `otp_verifications`
--

DROP TABLE IF EXISTS `otp_verifications`;
CREATE TABLE IF NOT EXISTS `otp_verifications` (
  `id` int NOT NULL AUTO_INCREMENT,
  `rec_date` date NOT NULL,
  `mobile` varchar(99) NOT NULL,
  `email` varchar(99) DEFAULT NULL,
  `otp` mediumint NOT NULL,
  `acc_type` tinyint NOT NULL DEFAULT '0' COMMENT '0=none, 1=selfapply, 2=loanagent\r\n',
  PRIMARY KEY (`id`)
) ENGINE=MyISAM DEFAULT CHARSET=utf8mb4 COLLATE=utf8mb4_0900_ai_ci;

-- --------------------------------------------------------

--
-- Table structure for table `partner_tasks`
--

DROP TABLE IF EXISTS `partner_tasks`;
CREATE TABLE IF NOT EXISTS `partner_tasks` (
  `id` int NOT NULL AUTO_INCREMENT,
  `rec_date` datetime NOT NULL DEFAULT CURRENT_TIMESTAMP,
  `assignees` int NOT NULL,
  `assign_to` varchar(199) NOT NULL,
  `task_title` varchar(199) NOT NULL,
  `task_desc` longtext NOT NULL,
  `attachment` varchar(199) DEFAULT NULL,
  `priority` varchar(99) NOT NULL DEFAULT 'Low',
  `task_module` varchar(255) NOT NULL,
  `task_status` varchar(55) NOT NULL DEFAULT 'Open',
  `completion_date` datetime DEFAULT NULL,
  `remarks` text,
  `project_name` varchar(255) NOT NULL,
  `isActive` tinyint NOT NULL DEFAULT '1' COMMENT '1=active,0=deactive',
  `isDelete` tinyint NOT NULL DEFAULT '0' COMMENT '0=no,1=yes',
  PRIMARY KEY (`id`)
) ENGINE=MyISAM DEFAULT CHARSET=utf8mb4 COLLATE=utf8mb4_0900_ai_ci;

-- --------------------------------------------------------

--
-- Table structure for table `paygic_entry`
--

DROP TABLE IF EXISTS `paygic_entry`;
CREATE TABLE IF NOT EXISTS `paygic_entry` (
  `id` int NOT NULL AUTO_INCREMENT,
  `rec_date` datetime NOT NULL DEFAULT CURRENT_TIMESTAMP,
  `entryfor` int NOT NULL DEFAULT '0' COMMENT '3 - la offer 1\r\n4 - la offer 2\r\n5 - la offer 3\r\n6 - sa offer 1\r\n7 - sa offer 2\r\n8 - sa offer 3\r\n9 - sa offer 4\r\n10 - la offer 4',
  `userid` int NOT NULL,
  `orderid` varchar(50) COLLATE utf8mb4_general_ci NOT NULL,
  `orderamount` float(11,2) NOT NULL,
  `ordernote` varchar(256) COLLATE utf8mb4_general_ci DEFAULT NULL,
  `referenceid` varchar(256) COLLATE utf8mb4_general_ci DEFAULT NULL,
  `txstatus` varchar(256) COLLATE utf8mb4_general_ci DEFAULT NULL,
  `paymentmode` varchar(256) COLLATE utf8mb4_general_ci DEFAULT NULL,
  PRIMARY KEY (`id`)
) ENGINE=MyISAM DEFAULT CHARSET=utf8mb4 COLLATE=utf8mb4_general_ci;

-- --------------------------------------------------------

--
-- Table structure for table `personal_access_tokens`
--

DROP TABLE IF EXISTS `personal_access_tokens`;
CREATE TABLE IF NOT EXISTS `personal_access_tokens` (
  `id` bigint UNSIGNED NOT NULL AUTO_INCREMENT,
  `tokenable_type` varchar(191) COLLATE utf8mb4_unicode_ci NOT NULL,
  `tokenable_id` bigint UNSIGNED NOT NULL,
  `name` varchar(191) COLLATE utf8mb4_unicode_ci NOT NULL,
  `token` varchar(64) COLLATE utf8mb4_unicode_ci NOT NULL,
  `abilities` text COLLATE utf8mb4_unicode_ci,
  `last_used_at` timestamp NULL DEFAULT NULL,
  `expires_at` timestamp NULL DEFAULT NULL,
  `created_at` timestamp NULL DEFAULT NULL,
  `updated_at` timestamp NULL DEFAULT NULL,
  PRIMARY KEY (`id`),
  UNIQUE KEY `personal_access_tokens_token_unique` (`token`),
  KEY `personal_access_tokens_tokenable_type_tokenable_id_index` (`tokenable_type`,`tokenable_id`)
) ENGINE=InnoDB DEFAULT CHARSET=utf8mb4 COLLATE=utf8mb4_unicode_ci;

-- --------------------------------------------------------

--
-- Table structure for table `phonepe_entry`
--

DROP TABLE IF EXISTS `phonepe_entry`;
CREATE TABLE IF NOT EXISTS `phonepe_entry` (
  `id` int NOT NULL AUTO_INCREMENT,
  `rec_date` datetime NOT NULL DEFAULT CURRENT_TIMESTAMP,
  `entryfor` int NOT NULL DEFAULT '0' COMMENT '3 - la offer 1\r\n4 - la offer 2\r\n5 - la offer 3\r\n6 - sa offer 1\r\n7 - sa offer 2\r\n8 - sa offer 3\r\n9 - sa offer 4\r\n10 - la offer 4',
  `userid` int NOT NULL,
  `orderid` varchar(50) NOT NULL,
  `orderamount` float(11,2) NOT NULL,
  `ordernote` varchar(256) DEFAULT NULL,
  `referenceid` varchar(256) DEFAULT NULL,
  `txstatus` varchar(256) DEFAULT NULL,
  `paymentmode` varchar(256) DEFAULT NULL,
  PRIMARY KEY (`id`)
) ENGINE=MyISAM DEFAULT CHARSET=utf8mb4 COLLATE=utf8mb4_0900_ai_ci;

-- --------------------------------------------------------

--
-- Table structure for table `products`
--

DROP TABLE IF EXISTS `products`;
CREATE TABLE IF NOT EXISTS `products` (
  `id` int NOT NULL AUTO_INCREMENT,
  `rec_date` datetime NOT NULL DEFAULT CURRENT_TIMESTAMP,
  `productname` varchar(256) NOT NULL,
  `productslug` varchar(256) NOT NULL,
  `amount` float(11,2) NOT NULL,
  `offeramount` float(11,2) NOT NULL,
  `inOffer` tinyint NOT NULL DEFAULT '0' COMMENT '0=No, 1=Yes',
  PRIMARY KEY (`id`)
) ENGINE=InnoDB AUTO_INCREMENT=20 DEFAULT CHARSET=utf8mb4 COLLATE=utf8mb4_0900_ai_ci;

--
-- Dumping data for table `products`
--

INSERT INTO `products` (`id`, `rec_date`, `productname`, `productslug`, `amount`, `offeramount`, `inOffer`) VALUES
(1, '2025-07-05 11:11:29', 'Self Apply', 'self-apply', 999.00, 199.00, 1),
(2, '2025-07-02 11:11:29', 'Hire Loan Agent', 'hire-loan-agent', 1999.00, 499.00, 1),
(3, '2025-07-02 11:11:29', 'LA Offer 1', 'la-offer-1', 1999.00, 499.00, 1),
(4, '2025-07-02 11:11:29', 'LA Offer 2', 'la-offer-2', 1999.00, 499.00, 1),
(5, '2025-07-02 11:11:29', 'LA Offer 3', 'la-offer-3', 1999.00, 499.00, 1),
(6, '2025-07-05 11:11:29', 'SA Offer 3', 'sa-offer-3', 999.00, 199.00, 1),
(7, '2025-07-05 11:11:29', 'SA Offer 2', 'sa-offer-2', 999.00, 199.00, 1),
(8, '2025-07-05 11:11:29', 'SA Offer 1', 'sa-offer-1', 999.00, 199.00, 1),
(9, '2025-07-05 11:11:29', 'SA Offer 4', 'sa-offer-4', 999.00, 199.00, 1),
(10, '2025-07-02 11:11:29', 'LA OFFER 4', 'la-offer-4', 1999.00, 499.00, 1),
(11, '2025-07-05 11:11:29', 'SA OFFER 5', 'sa-offer-5', 999.00, 199.00, 1),
(12, '2025-07-02 11:11:29', 'LA OFFER 5', 'la-offer-5', 1999.00, 499.00, 1),
(13, '2025-07-05 11:11:29', 'SA OFFER 6', 'sa-offer-6', 999.00, 199.00, 1),
(14, '2025-07-02 11:11:29', 'LA OFFER 6', 'la-offer-6', 1999.00, 499.00, 1),
(15, '2025-07-05 11:11:29', 'SA Offer 7', 'sa-offer-7', 999.00, 199.00, 1),
(16, '2025-07-31 14:42:50', 'Loan Assistant', 'loan-assistant', 1299.00, 299.00, 1),
(17, '2025-08-07 13:09:05', 'Top Offer', 'top-offer', 1299.00, 299.00, 1),
(18, '2025-08-07 13:09:44', 'Excel Offer', 'excel-offer', 1299.00, 299.00, 1),
(19, '2025-08-07 13:09:44', 'Special Offer', 'special-offer', 1299.00, 299.00, 1);

-- --------------------------------------------------------

--
-- Table structure for table `razorpayentry`
--

DROP TABLE IF EXISTS `razorpayentry`;
CREATE TABLE IF NOT EXISTS `razorpayentry` (
  `id` int NOT NULL AUTO_INCREMENT,
  `rec_date` datetime NOT NULL DEFAULT CURRENT_TIMESTAMP,
  `entryfor` int NOT NULL DEFAULT '0',
  `userid` int NOT NULL,
  `orderid` varchar(50) NOT NULL,
  `orderamount` float(11,2) NOT NULL,
  `ordernote` varchar(256) DEFAULT NULL,
  `referenceid` varchar(256) DEFAULT NULL,
  `txstatus` varchar(256) DEFAULT NULL,
  `paymentmode` varchar(256) DEFAULT NULL,
  PRIMARY KEY (`id`)
) ENGINE=MyISAM DEFAULT CHARSET=utf8mb4 COLLATE=utf8mb4_0900_ai_ci;

-- --------------------------------------------------------

--
-- Table structure for table `refunds`
--

DROP TABLE IF EXISTS `refunds`;
CREATE TABLE IF NOT EXISTS `refunds` (
  `id` int NOT NULL AUTO_INCREMENT,
  `rec_date` timestamp NOT NULL DEFAULT CURRENT_TIMESTAMP,
  `userid` int NOT NULL,
  `invoiceid` int NOT NULL,
  `ref_date` date DEFAULT NULL,
  `ref_number` varchar(256) NOT NULL,
  `ref_price` float(11,2) NOT NULL,
  `ref_cgst` float(11,2) NOT NULL,
  `ref_sgst` float(11,2) NOT NULL,
  `ref_igst` float(11,2) NOT NULL,
  `ref_grandtotal` float(11,2) NOT NULL,
  `paymentid` varchar(256) DEFAULT NULL,
  `remarks` varchar(256) DEFAULT NULL,
  `isDelete` int NOT NULL DEFAULT '0' COMMENT '0=No, 1=Yes',
  PRIMARY KEY (`id`)
) ENGINE=InnoDB DEFAULT CHARSET=utf8mb4 COLLATE=utf8mb4_0900_ai_ci;

-- --------------------------------------------------------

--
-- Table structure for table `roipackages`
--

DROP TABLE IF EXISTS `roipackages`;
CREATE TABLE IF NOT EXISTS `roipackages` (
  `id` int NOT NULL AUTO_INCREMENT,
  `rec_date` datetime NOT NULL DEFAULT CURRENT_TIMESTAMP,
  `bankid` int NOT NULL,
  `roi` float(11,2) NOT NULL,
  `termsyears` float(11,2) NOT NULL,
  `termsmonths` int NOT NULL,
  `isDelete` int NOT NULL DEFAULT '0',
  `created_at` datetime NOT NULL DEFAULT CURRENT_TIMESTAMP,
  `updated_at` datetime NOT NULL DEFAULT CURRENT_TIMESTAMP ON UPDATE CURRENT_TIMESTAMP,
  PRIMARY KEY (`id`)
) ENGINE=InnoDB AUTO_INCREMENT=3 DEFAULT CHARSET=utf8mb4 COLLATE=utf8mb4_0900_ai_ci;

--
-- Dumping data for table `roipackages`
--

INSERT INTO `roipackages` (`id`, `rec_date`, `bankid`, `roi`, `termsyears`, `termsmonths`, `isDelete`, `created_at`, `updated_at`) VALUES
(1, '2024-02-23 17:40:12', 1, 10.00, 4.00, 48, 0, '2024-02-23 12:10:12', '2024-02-23 12:48:56'),
(2, '2024-02-23 17:48:17', 2, 11.15, 3.00, 36, 0, '2024-02-23 12:18:17', '2024-02-23 12:48:34');

-- --------------------------------------------------------

--
-- Table structure for table `services`
--

DROP TABLE IF EXISTS `services`;
CREATE TABLE IF NOT EXISTS `services` (
  `id` int NOT NULL AUTO_INCREMENT,
  `rec_date` datetime NOT NULL,
  `services_name` varchar(255) NOT NULL,
  `isActive` tinyint NOT NULL DEFAULT '1' COMMENT '1 = active, 0 = no active',
  `isDelete` tinyint NOT NULL DEFAULT '0' COMMENT '0 = active, 1 = delete',
  PRIMARY KEY (`id`)
) ENGINE=MyISAM DEFAULT CHARSET=utf8mb4 COLLATE=utf8mb4_0900_ai_ci;

-- --------------------------------------------------------

--
-- Table structure for table `sessions`
--

DROP TABLE IF EXISTS `sessions`;
CREATE TABLE IF NOT EXISTS `sessions` (
  `id` varchar(191) COLLATE utf8mb4_unicode_ci NOT NULL,
  `user_id` bigint UNSIGNED DEFAULT NULL,
  `ip_address` varchar(45) COLLATE utf8mb4_unicode_ci DEFAULT NULL,
  `user_agent` text COLLATE utf8mb4_unicode_ci,
  `payload` longtext COLLATE utf8mb4_unicode_ci NOT NULL,
  `last_activity` int NOT NULL,
  PRIMARY KEY (`id`),
  KEY `sessions_user_id_index` (`user_id`),
  KEY `sessions_last_activity_index` (`last_activity`)
) ENGINE=InnoDB DEFAULT CHARSET=utf8mb4 COLLATE=utf8mb4_unicode_ci;

--
-- Dumping data for table `sessions`
--

INSERT INTO `sessions` (`id`, `user_id`, `ip_address`, `user_agent`, `payload`, `last_activity`) VALUES
('JEDSzjEIek8hLarbL7xU0KO54dYnayFniw53lqs9', 1, '127.0.0.1', 'Mozilla/5.0 (Windows NT 10.0; Win64; x64) AppleWebKit/537.36 (KHTML, like Gecko) Chrome/147.0.0.0 Safari/537.36', 'YTo0OntzOjY6Il90b2tlbiI7czo0MDoiRnZ6OFBvTUJVTGJ2T3dMdjdnVmU5dUxBd3lZeW9HYzBVWjRZYk9zMiI7czo5OiJfcHJldmlvdXMiO2E6MTp7czozOiJ1cmwiO3M6Mzk6Imh0dHA6Ly8xMjcuMC4wLjE6ODAwMS9pbnRlcmFrdC1zZXR0aW5ncyI7fXM6NjoiX2ZsYXNoIjthOjI6e3M6Mzoib2xkIjthOjA6e31zOjM6Im5ldyI7YTowOnt9fXM6NTA6ImxvZ2luX3dlYl81OWJhMzZhZGRjMmIyZjk0MDE1ODBmMDE0YzdmNThlYTRlMzA5ODlkIjtpOjE7fQ==', 1777357110),
('Stltad47FeHpSzNhF91KHRXFxXhG9HB5wbOATSdF', 1, '127.0.0.1', 'Mozilla/5.0 (Windows NT 10.0; Win64; x64) AppleWebKit/537.36 (KHTML, like Gecko) Chrome/147.0.0.0 Safari/537.36', 'YTo1OntzOjk6Il9wcmV2aW91cyI7YToxOntzOjM6InVybCI7czozNToiaHR0cDovLzEyNy4wLjAuMTo4MDAxL3N0YWZmLWFjY291bnQiO31zOjY6Il9mbGFzaCI7YToyOntzOjM6Im9sZCI7YTowOnt9czozOiJuZXciO2E6MDp7fX1zOjY6Il90b2tlbiI7czo0MDoicEM3anJ4NDBJdDl1T0FkcExmVUpBOFQyYmNoWGo5czlXRlZTc2RxaSI7czozOiJ1cmwiO2E6MTp7czo4OiJpbnRlbmRlZCI7czozMToiaHR0cDovLzEyNy4wLjAuMTo4MDAxL2Rhc2hib2FyZCI7fXM6NTA6ImxvZ2luX3dlYl81OWJhMzZhZGRjMmIyZjk0MDE1ODBmMDE0YzdmNThlYTRlMzA5ODlkIjtpOjE7fQ==', 1777280273);

-- --------------------------------------------------------

--
-- Table structure for table `site_options`
--

DROP TABLE IF EXISTS `site_options`;
CREATE TABLE IF NOT EXISTS `site_options` (
  `id` int NOT NULL AUTO_INCREMENT,
  `rec_date` datetime NOT NULL,
  `option_key` varchar(255) NOT NULL,
  `option_value` longtext NOT NULL,
  PRIMARY KEY (`id`)
) ENGINE=InnoDB AUTO_INCREMENT=14 DEFAULT CHARSET=utf8mb4 COLLATE=utf8mb4_0900_ai_ci;

--
-- Dumping data for table `site_options`
--

INSERT INTO `site_options` (`id`, `rec_date`, `option_key`, `option_value`) VALUES
(1, '2026-04-20 15:55:12', 'newinvoiceno', '1'),
(2, '2024-04-18 11:05:19', 'account-msg-customer', 'For the Customers who have given other customer referrals to the company, it would be compulsory for them to submit their kyc Documents to the company within 30 days. If not submitted, all the payouts of the Customer will be automatically cancelled To  get the cancelled payout, you can contact the company and discuss it.'),
(3, '2025-02-27 20:11:42', 'sa-wp-remarketing', '#'),
(4, '2025-02-27 20:11:42', 'sa-wp-getoffer', '#'),
(5, '2025-02-27 20:11:42', 'sa-wp-payment-success', '#'),
(6, '2025-02-27 20:11:42', 'sa-wp-username-password', '#'),
(7, '2025-02-27 20:11:42', 'la-wp-remarketing', '#'),
(8, '2025-02-27 20:11:42', 'la-wp-getoffer', '#'),
(9, '2025-02-27 20:11:42', 'la-wp-payment-success', '#'),
(10, '2025-02-27 20:11:42', 'la-wp-username-password', '#'),
(11, '2025-06-03 14:46:05', 'last_agent_id', '4'),
(12, '2025-07-07 13:16:51', 'last_self_agent_id', '3'),
(13, '2025-07-31 09:03:19', 'last_assistant_id', '0');

-- --------------------------------------------------------

--
-- Table structure for table `sms_list`
--

DROP TABLE IF EXISTS `sms_list`;
CREATE TABLE IF NOT EXISTS `sms_list` (
  `id` int NOT NULL AUTO_INCREMENT,
  `rec_date` datetime NOT NULL DEFAULT CURRENT_TIMESTAMP,
  `type` tinyint NOT NULL,
  `slug` varchar(55) DEFAULT NULL,
  `title` varchar(256) NOT NULL,
  `message` mediumtext NOT NULL,
  `isActive` tinyint NOT NULL COMMENT '1=active, 0=not active',
  PRIMARY KEY (`id`)
) ENGINE=MyISAM AUTO_INCREMENT=32 DEFAULT CHARSET=utf8mb4 COLLATE=utf8mb4_0900_ai_ci;

--
-- Dumping data for table `sms_list`
--

INSERT INTO `sms_list` (`id`, `rec_date`, `type`, `slug`, `title`, `message`, `isActive`) VALUES
(1, '2026-04-04 14:32:06', 1, 'get_offer', 'Get Offer', 'You\'re eligible for a pre-approved loan of Rs.{#varamount#}. Get funds in just 30 minutes. Limited-time offer. Apply now: https://kbzp.in/EASYAI/hxjaq EasyAILoans', 1),
(2, '2026-04-04 12:38:30', 1, 'remarketing_sms', 'Remarketing SMS', 'You\'re eligible for a pre-approved loan of Rs.{#varamount#}. Get funds in just 30 minutes. Limited-time offer. Apply now: https://kbzp.in/EASYAI/hxjaq EasyAILoans', 1),
(3, '2026-04-08 14:18:39', 1, 'payment_unsuccessful', 'Payment Unsuccessful', 'Sorry, your payment for EasyAILoans Subscription was not successful. Try Another Payment Method here https://kbzp.in/EASYAI/cswck EasyAILoans', 1),
(4, '2026-04-04 11:22:41', 1, 'payment_successful', 'Payment Successful', 'Dear Customer, Your Payment for Self-Apply has been successful! Check your reg. email and login to customer portal to proceed ahead. Thanks, EasyAILoans', 1),
(6, '2026-04-04 14:32:39', 2, 'get_offer', 'Get Offer', 'You\'re eligible for a pre-approved loan of Rs.{#varamount#}. Get funds in just 30 minutes. Limited-time offer. Apply now: https://kbzp.in/EASYAI/hxjaq EasyAILoans', 1),
(5, '2026-04-18 15:59:58', 1, 'forgot_password', 'Forgot Password', 'Hello{#varamount#} Your EasyAILoans account\'s new password is {#varamount#}. Do not share it with anyone. Thanks, EasyAILoans', 1),
(7, '2026-04-04 14:26:33', 2, 'remarketing_sms', 'Remarketing SMS', 'Congrats! Your Rs.{#varamount#} pre-approved loan is processed. Get money in your bank A/C within 30 mins. Apply now: https://kbzp.in/EASYAI/waacr EasyAILoans', 1),
(8, '2026-04-08 14:17:55', 2, 'payment_unsuccessful', 'Payment Unsuccessful', 'Sorry, your payment for EasyAILoans Subscription was not successful. Try Another Payment Method here https://kbzp.in/EASYAI/fzyhi EasyAILoans', 1),
(9, '2026-04-04 11:21:33', 2, 'payment_successful', 'Payment Successful', 'Dear Customer, Your Payment for Hire Agent has been successful! Check your reg. email and login to customer portal to proceed ahead. Thanks, EasyAILoans', 1),
(10, '2026-04-18 15:56:48', 2, 'forgot_password', 'Forgot Password', 'Hello{#varamount#} Your EasyAILoans account\'s new password is {#varamount#}. Do not share it with anyone. Thanks, EasyAILoans', 1),
(11, '2026-04-07 15:35:03', 3, 'ticket_raised', 'Support Request  – Ticket Raised', 'Your request ticket has been raised in our system with the Ticket Id: {#varamount#}. We will contact you within 24-48 hours for a follow-up. EasyAILoans', 1),
(12, '2026-04-07 15:35:17', 3, 'ticket_underprocess', 'Support Request – Under Process', 'Hello, Your request with Ticket ID: {#varamount#} is under process. The query will be solved soon and it will be informed to you shortly. Thanks, EasyAILoans', 1),
(13, '2026-04-07 15:35:46', 3, 'ticket_noresponse', 'Support Request – No-response Closed', 'Hello, Your request with Ticket Id: {#varamount#} is closed as the company tried calling you for the last 3 days but got no response. Thanks, EasyAILoans', 1),
(14, '2026-04-07 15:36:12', 3, 'ticket_solved', 'Support Request – Solved', 'Hello, Your request with Ticket Id: {#varamount#} is Solved. We thank you for the opportunity to serve you. Thanks, EasyAILoans', 1),
(15, '2026-04-07 15:34:48', 3, 'ticket_closed', 'Support Request – Closed', 'Hello, Your request with Ticket Id: {#varamount#} is closed as the company tried calling you for the last 3 days but got no response. Thanks, EasyAILoans', 1),
(16, '2026-03-31 16:44:52', 1, 'sales_cycle_days', 'After Sales Cycle - 1,2,3,5 days', 'Dear Customer, We Hope You\'ve Utilised Loan Self Login links. If not, click https://kbzp.in/EASYAI/owpzx and check Pre-Approved Loan section. Thanks! EasyAILoans', 1),
(17, '2026-03-25 13:37:58', 1, 'sales_cycle_closed', 'After Sales Cycle - Closed', 'Dear Customer, We hope our services guided you well. If you\'ve any queries, kindly call on 9983933307 Mon-Sat 10am-5pm on business days. Thanks, EasyAILoans', 1),
(18, '2026-03-25 12:36:27', 2, 'sales_cycle_closed', 'After Sales Cycle - Closed', 'Dear Customer, We hope our services guided you well. If you\'ve any queries, kindly call on 9983933307 Mon-Sat 10am-5pm on business days. Thanks, EasyAILoans', 1),
(19, '2026-04-07 17:19:36', 2, 'app_remarks_add', 'Application Remarks Add', 'Dear Customer, the latest update of your loan file is displayed on your customer portal & sent to your email id. Check here https://kbzp.in/EASYAI/owpzx EasyAILoans', 1),
(20, '2026-04-04 12:58:01', 1, 'verified_customer', 'Verified Customer', 'Dear Customer, We hope you will make the most of the guidance provided by our Company Executive. For any further assistance, please call on 9983933307from Monday-Saturday between (10:00 AM to 5:00 PM) only business days. Thanks, EasyAILoans', 1),
(21, '2026-04-07 15:37:32', 4, 'get_offer_', 'Get Offer', 'Congrats! Your Rs.{#varamount#}/- Pre-Approved Loan Processed Successfully. Get Money in Your Bank A/C 30 minutes. Apply Now {#varamount#} EasyAILoans', 1),
(23, '2026-04-07 15:36:51', 4, 'get_offer', 'Get Offer', 'Congrats! Your Rs.{#varamount#}/- Pre-Approved Loan Processed Successfully. Get Money in Your Bank A/C 30 minutes. Apply Now {#varamount#} EasyAILoans', 1),
(24, '2026-03-24 14:07:29', 4, 'payment_unsuccessful', 'Payment Unsucessful', 'Sorry, your payment for EasyAILoans Subscription was not successful. Try Another Payment Method here {#var#} EasyAILoans', 1),
(25, '2026-03-23 16:20:55', 4, 'payment_successful', 'Payment Successful', 'Dear Customer, Your Payment for Loan Assistant Plan has been successful! Check your reg. email and login to customer portal to proceed ahead. Thanks,Easyailoans', 1),
(26, '2026-04-07 16:54:37', 4, 'forgot_password', 'Forget Password', '#', 1),
(27, '2026-03-23 16:20:22', 4, 'pre_approved', 'Pre Approved', '#', 1),
(28, '2026-04-07 15:38:00', 4, 'remarketing_sms', 'Remarketing SMS', 'You\'re Eligible For Rs.{#varamount#}/- Pre-Approved Loan Offer. Disbursement in Just 30 minutes. Limited Time Offer Only. Apply Now {#varamount#} EasyAILoans', 1),
(29, '2026-03-23 15:59:13', 4, 'sales_cycle_closed', 'After Sales Cycle - Closed', '#', 1),
(30, '2026-03-31 15:59:53', 2, 'sales_cycle_days', 'After Sales Cycle - 1,2,3,5 days', 'Dear Customer, We Hope You\'ve Utilised Loan Self Login links. If not, click https://kbzp.in/EASYAI/owpzx and check Pre-Approved Loan section. Thanks! EasyAILoans', 1),
(31, '2026-03-23 16:28:19', 4, 'sales_cycle_days', 'After Sales Cycle - 1,2,3,5 days', '#', 1);

-- --------------------------------------------------------

--
-- Table structure for table `sms_log`
--

DROP TABLE IF EXISTS `sms_log`;
CREATE TABLE IF NOT EXISTS `sms_log` (
  `id` int NOT NULL AUTO_INCREMENT,
  `rec_date` datetime NOT NULL DEFAULT CURRENT_TIMESTAMP,
  `crontype` varchar(50) NOT NULL,
  `parentid` int NOT NULL,
  `cronname` varchar(255) NOT NULL,
  `msgcount` int NOT NULL,
  `msgresponse` longtext NOT NULL,
  PRIMARY KEY (`id`)
) ENGINE=MyISAM DEFAULT CHARSET=utf8mb4 COLLATE=utf8mb4_0900_ai_ci;

-- --------------------------------------------------------

--
-- Table structure for table `source_entry`
--

DROP TABLE IF EXISTS `source_entry`;
CREATE TABLE IF NOT EXISTS `source_entry` (
  `id` int NOT NULL AUTO_INCREMENT,
  `rec_date` datetime NOT NULL DEFAULT CURRENT_TIMESTAMP,
  `user_id` int DEFAULT NULL,
  `utm_source` varchar(125) DEFAULT NULL,
  `utm_campaign` varchar(255) DEFAULT NULL,
  `utm_medium` varchar(125) DEFAULT NULL,
  `source_id` varchar(299) DEFAULT NULL,
  `utm_referral` varchar(99) DEFAULT NULL,
  `client_ip` varchar(55) DEFAULT NULL,
  PRIMARY KEY (`id`)
) ENGINE=MyISAM DEFAULT CHARSET=utf8mb4 COLLATE=utf8mb4_0900_ai_ci;

-- --------------------------------------------------------

--
-- Table structure for table `staff_tasks`
--

DROP TABLE IF EXISTS `staff_tasks`;
CREATE TABLE IF NOT EXISTS `staff_tasks` (
  `id` int NOT NULL AUTO_INCREMENT,
  `rec_date` datetime NOT NULL DEFAULT CURRENT_TIMESTAMP,
  `assignee_id` int NOT NULL,
  `follower_id` int NOT NULL,
  `task_title` varchar(299) NOT NULL,
  `task_desc` longtext NOT NULL,
  `attachment` varchar(299) DEFAULT NULL,
  `priority` varchar(55) NOT NULL,
  `task_module` varchar(199) NOT NULL,
  `task_status` varchar(55) NOT NULL,
  `completion_date` datetime DEFAULT NULL,
  `remarks` text,
  `projects` varchar(299) NOT NULL,
  `task_goal` varchar(55) NOT NULL,
  `isActive` tinyint NOT NULL DEFAULT '1' COMMENT '1 = active, 0= deactive',
  `isDelete` tinyint NOT NULL DEFAULT '0' COMMENT '0= no, 1= yes',
  PRIMARY KEY (`id`)
) ENGINE=MyISAM DEFAULT CHARSET=utf8mb4 COLLATE=utf8mb4_0900_ai_ci;

-- --------------------------------------------------------

--
-- Table structure for table `subpaisa_entry`
--

DROP TABLE IF EXISTS `subpaisa_entry`;
CREATE TABLE IF NOT EXISTS `subpaisa_entry` (
  `id` int NOT NULL AUTO_INCREMENT,
  `rec_date` datetime NOT NULL DEFAULT CURRENT_TIMESTAMP,
  `entryfor` int NOT NULL DEFAULT '0' COMMENT '1=Customer,2=Channel,11=SelfApply,12=Loan Agent, 3=LA_Offer_1,4=LA_Offer_2,5=LA_Offer_3,6=SA_Offer_1,7=SA_Offer_2,8=SA_Offer_3,9=SA_Offer_4,10=LA_Offer_4',
  `userid` int NOT NULL,
  `orderid` varchar(50) NOT NULL,
  `orderamount` float(11,2) NOT NULL,
  `ordernote` varchar(256) DEFAULT NULL,
  `referenceid` varchar(256) DEFAULT NULL,
  `txstatus` varchar(256) DEFAULT NULL,
  `paymentmode` varchar(256) DEFAULT NULL,
  PRIMARY KEY (`id`)
) ENGINE=InnoDB DEFAULT CHARSET=utf8mb4 COLLATE=utf8mb4_0900_ai_ci;

-- --------------------------------------------------------

--
-- Table structure for table `support_requests`
--

DROP TABLE IF EXISTS `support_requests`;
CREATE TABLE IF NOT EXISTS `support_requests` (
  `id` int NOT NULL AUTO_INCREMENT,
  `rec_date` datetime NOT NULL,
  `ticketno` varchar(50) NOT NULL,
  `usertype` int NOT NULL DEFAULT '1' COMMENT '1 = selfapply, 2 = guest user, 3 = loan agent',
  `firstname` varchar(125) NOT NULL,
  `lastname` varchar(125) NOT NULL,
  `mobile` varchar(99) NOT NULL,
  `email` varchar(99) NOT NULL,
  `issuetype` varchar(255) NOT NULL,
  `cardnumber` varchar(255) DEFAULT NULL,
  `message` longtext NOT NULL,
  `status` int NOT NULL DEFAULT '1' COMMENT '0=No,1=Yes',
  `serverip` varchar(99) DEFAULT NULL,
  `isDelete` int NOT NULL DEFAULT '0' COMMENT '0=No,1=Yes',
  PRIMARY KEY (`id`)
) ENGINE=MyISAM DEFAULT CHARSET=utf8mb4 COLLATE=utf8mb4_0900_ai_ci;

-- --------------------------------------------------------

--
-- Table structure for table `support_request_chat`
--

DROP TABLE IF EXISTS `support_request_chat`;
CREATE TABLE IF NOT EXISTS `support_request_chat` (
  `id` int NOT NULL AUTO_INCREMENT,
  `rec_date` datetime NOT NULL DEFAULT CURRENT_TIMESTAMP,
  `requestid` int NOT NULL,
  `remarks` longtext NOT NULL,
  `staffid` int NOT NULL,
  `isDelete` int NOT NULL DEFAULT '0',
  PRIMARY KEY (`id`)
) ENGINE=MyISAM DEFAULT CHARSET=utf8mb4 COLLATE=utf8mb4_0900_ai_ci;

-- --------------------------------------------------------

--
-- Table structure for table `user_documents`
--

DROP TABLE IF EXISTS `user_documents`;
CREATE TABLE IF NOT EXISTS `user_documents` (
  `id` int NOT NULL AUTO_INCREMENT,
  `rec_date` timestamp NOT NULL DEFAULT CURRENT_TIMESTAMP,
  `userid` int NOT NULL,
  `profilephoto` varchar(256) DEFAULT NULL,
  `aadharcard` varchar(256) DEFAULT NULL,
  `aadharcard_number` varchar(256) DEFAULT NULL,
  `pancard` varchar(256) DEFAULT NULL,
  `pancard_number` varchar(256) DEFAULT NULL,
  `cancelcheque` varchar(256) DEFAULT NULL,
  `lightbill` varchar(256) DEFAULT NULL,
  `bankstatement` varchar(256) DEFAULT NULL,
  `formsixteen` varchar(256) DEFAULT NULL,
  `salaryslip` varchar(256) DEFAULT NULL,
  `businessproof` varchar(256) DEFAULT NULL,
  `itreturn` varchar(256) DEFAULT NULL,
  `remarks` varchar(256) DEFAULT NULL,
  `isVerified` tinyint NOT NULL DEFAULT '0' COMMENT '0=No, 1=Yes',
  PRIMARY KEY (`id`)
) ENGINE=InnoDB DEFAULT CHARSET=utf8mb4 COLLATE=utf8mb4_0900_ai_ci;

-- --------------------------------------------------------

--
-- Table structure for table `user_offers`
--

DROP TABLE IF EXISTS `user_offers`;
CREATE TABLE IF NOT EXISTS `user_offers` (
  `id` int NOT NULL AUTO_INCREMENT,
  `rec_date` datetime NOT NULL DEFAULT CURRENT_TIMESTAMP,
  `userid` int NOT NULL,
  `offerdata` longtext CHARACTER SET utf8mb4 COLLATE utf8mb4_bin NOT NULL,
  PRIMARY KEY (`id`)
) ENGINE=MyISAM DEFAULT CHARSET=utf8mb4 COLLATE=utf8mb4_0900_ai_ci;

-- --------------------------------------------------------

--
-- Table structure for table `user_payout_documents`
--

DROP TABLE IF EXISTS `user_payout_documents`;
CREATE TABLE IF NOT EXISTS `user_payout_documents` (
  `id` int NOT NULL AUTO_INCREMENT,
  `rec_date` timestamp NOT NULL DEFAULT CURRENT_TIMESTAMP,
  `userid` int NOT NULL,
  `gstdoc` varchar(256) DEFAULT NULL,
  `gstdoc_number` varchar(256) DEFAULT NULL,
  `aadharcard` varchar(256) DEFAULT NULL,
  `aadharcard_number` varchar(256) DEFAULT NULL,
  `pancard` varchar(256) DEFAULT NULL,
  `pancard_number` varchar(256) DEFAULT NULL,
  `cancelcheque` varchar(256) DEFAULT NULL,
  `remarks` varchar(256) NOT NULL,
  `isVerified` tinyint NOT NULL DEFAULT '0' COMMENT '0=No, 1=Yes',
  PRIMARY KEY (`id`)
) ENGINE=InnoDB DEFAULT CHARSET=utf8mb4 COLLATE=utf8mb4_0900_ai_ci;

-- --------------------------------------------------------

--
-- Table structure for table `user_registrations`
--

DROP TABLE IF EXISTS `user_registrations`;
CREATE TABLE IF NOT EXISTS `user_registrations` (
  `id` int NOT NULL AUTO_INCREMENT,
  `staff_id` int DEFAULT NULL,
  `offerpage` tinyint(1) NOT NULL DEFAULT '0' COMMENT '0 = none, 1 = la offer 1, 2 = la offer 2, 3 = la offer 3, 4 = sa offer 1, 5 = sa offer 2, 6 = sa offer 3, 7 = sa offer 4, 8 = la offer 4, 9 = sa offer 5, 10 = la offer 5',
  `rec_date` datetime NOT NULL,
  `update_date` datetime NOT NULL,
  `first_name` varchar(255) DEFAULT NULL,
  `last_name` varchar(255) DEFAULT NULL,
  `mobile` varchar(55) NOT NULL,
  `email` varchar(55) DEFAULT NULL,
  `password` varchar(255) DEFAULT NULL,
  `dob` date DEFAULT NULL,
  `pancard` varchar(55) DEFAULT NULL,
  `pincode` varchar(55) DEFAULT NULL,
  `city` varchar(255) DEFAULT NULL,
  `state` varchar(115) DEFAULT NULL,
  `process_step` tinyint NOT NULL DEFAULT '0',
  `refcode` varchar(55) DEFAULT NULL,
  `acc_type` tinyint NOT NULL DEFAULT '0' COMMENT '0=none, 1=selfapply, 2=loan-agent, 3=loan assistant',
  `company_name` varchar(99) DEFAULT NULL,
  `company_gst` varchar(99) DEFAULT NULL,
  `isUser` tinyint NOT NULL DEFAULT '1' COMMENT '\r\n1=steps,2=register',
  `iAgree` tinyint NOT NULL DEFAULT '1' COMMENT '0=checked,1=unchecked',
  `isDnd` tinyint NOT NULL DEFAULT '0' COMMENT '0=no, 1=yes',
  `isVerified` tinyint NOT NULL DEFAULT '0' COMMENT '0=no, 1=yes',
  `isDelete` tinyint NOT NULL DEFAULT '0' COMMENT '0=active, 1=delete',
  `isActive` tinyint NOT NULL DEFAULT '1' COMMENT '1= active, 0=noactive',
  PRIMARY KEY (`id`),
  KEY `mobile` (`mobile`)
) ENGINE=InnoDB DEFAULT CHARSET=utf8mb4 COLLATE=utf8mb4_0900_ai_ci;

-- --------------------------------------------------------

--
-- Table structure for table `user_tree`
--

DROP TABLE IF EXISTS `user_tree`;
CREATE TABLE IF NOT EXISTS `user_tree` (
  `id` int NOT NULL AUTO_INCREMENT,
  `rec_date` datetime NOT NULL DEFAULT CURRENT_TIMESTAMP,
  `refferaltype` int NOT NULL DEFAULT '1' COMMENT '1=Customer, 2=Channel',
  `refferaluserid` int NOT NULL,
  `subuserid` int NOT NULL,
  `payout` int NOT NULL DEFAULT '0' COMMENT '0=No, 1=Yes',
  `payout_date` date DEFAULT NULL,
  `payout_amount` float(11,2) NOT NULL DEFAULT '0.00',
  `order_amount` float(11,2) NOT NULL DEFAULT '0.00',
  PRIMARY KEY (`id`)
) ENGINE=InnoDB DEFAULT CHARSET=utf8mb4 COLLATE=utf8mb4_0900_ai_ci;

-- --------------------------------------------------------

--
-- Table structure for table `vegaah_entry`
--

DROP TABLE IF EXISTS `vegaah_entry`;
CREATE TABLE IF NOT EXISTS `vegaah_entry` (
  `id` int NOT NULL AUTO_INCREMENT,
  `rec_date` datetime NOT NULL DEFAULT CURRENT_TIMESTAMP,
  `entryfor` int NOT NULL DEFAULT '0' COMMENT '11=SelfApply,12=Loan Agent,3=LA_Offer_1,4=LA_Offer_2,5=LA_Offer_3,6=SA_Offer_1,7=SA_Offer_2,8=SA_Offer_3,9=SA_Offer_4,10=LA_Offer_4	',
  `userid` int NOT NULL,
  `orderid` varchar(50) NOT NULL,
  `orderamount` float(11,2) NOT NULL,
  `ordernote` varchar(256) DEFAULT NULL,
  `referenceid` varchar(256) DEFAULT NULL,
  `txstatus` varchar(256) DEFAULT NULL,
  `paymentmode` varchar(256) DEFAULT NULL,
  PRIMARY KEY (`id`)
) ENGINE=InnoDB DEFAULT CHARSET=utf8mb4 COLLATE=utf8mb4_0900_ai_ci;

-- --------------------------------------------------------

--
-- Table structure for table `zaakpay_entry`
--

DROP TABLE IF EXISTS `zaakpay_entry`;
CREATE TABLE IF NOT EXISTS `zaakpay_entry` (
  `id` int NOT NULL AUTO_INCREMENT,
  `rec_date` datetime NOT NULL DEFAULT CURRENT_TIMESTAMP,
  `entryfor` int NOT NULL DEFAULT '0' COMMENT '11=SelfApply,12=Loan Agent,3=LA_Offer_1,4=LA_Offer_2,5=LA_Offer_3,6=SA_Offer_1,7=SA_Offer_2,8=SA_Offer_3,9=SA_Offer_4,10=LA_Offer_4',
  `userid` int NOT NULL,
  `orderid` varchar(50) NOT NULL,
  `orderamount` float(11,2) NOT NULL,
  `ordernote` varchar(256) DEFAULT NULL,
  `statuscode` varchar(256) DEFAULT NULL,
  `transactionid` varchar(256) DEFAULT NULL,
  `paymentmode` varchar(256) DEFAULT NULL,
  PRIMARY KEY (`id`)
) ENGINE=InnoDB DEFAULT CHARSET=utf8mb4 COLLATE=utf8mb4_0900_ai_ci;

-- --------------------------------------------------------

--
-- Table structure for table `zwitch_entry`
--

DROP TABLE IF EXISTS `zwitch_entry`;
CREATE TABLE IF NOT EXISTS `zwitch_entry` (
  `id` int NOT NULL AUTO_INCREMENT,
  `rec_date` datetime NOT NULL,
  `entryfor` int NOT NULL DEFAULT '0',
  `userid` int NOT NULL,
  `orderid` varchar(50) COLLATE utf8mb4_unicode_ci NOT NULL,
  `orderamount` float(11,2) NOT NULL,
  `ordernote` varchar(256) COLLATE utf8mb4_unicode_ci DEFAULT NULL,
  `referenceid` varchar(256) COLLATE utf8mb4_unicode_ci DEFAULT NULL,
  `txstatus` varchar(256) COLLATE utf8mb4_unicode_ci DEFAULT NULL,
  `paymentmode` varchar(256) COLLATE utf8mb4_unicode_ci DEFAULT NULL,
  PRIMARY KEY (`id`)
) ENGINE=InnoDB DEFAULT CHARSET=utf8mb4 COLLATE=utf8mb4_unicode_ci;
COMMIT;

/*!40101 SET CHARACTER_SET_CLIENT=@OLD_CHARACTER_SET_CLIENT */;
/*!40101 SET CHARACTER_SET_RESULTS=@OLD_CHARACTER_SET_RESULTS */;
/*!40101 SET COLLATION_CONNECTION=@OLD_COLLATION_CONNECTION */;
